OrderID,Date,Salesperson,Region,Product,Qty,Price,Discount,Revenue,Returns,Profit
1001,2024-04-12,Lucy,East,Keyboard,1,120,0.1,108.0,0,16.3959241991609
1002,2024-12-14,James,East,Monitor,6,800,0.15,4080.0,0,1204.2449078899174
1003,2024-09-27,Zara,West,Monitor,4,450,0.2,1440.0,50,269.24290191326224
1004,2024-04-16,Priya,North,Monitor,3,250,0.05,712.5,20,172.64140537591152
1005,2024-03-12,Priya,West,Keyboard,3,450,0.0,1350.0,100,577.5541217263976
1006,2024-07-07,Amara, north ,Headset,1,250,0.0,250.0,0,49.62709149554902
1007,2024-01-21,Kwame,North,Monitor,7,25,0.2,140.0,10,61.564957428169976
1008,2024-04-12,John,East,Tablet,5,75,0.15,318.75,100,67.49158729961344
1009,2024-05-01,Chen,North,Keyboard,7,800,0.15,4760.0,20,1772.9564028906327
1010,2024-08-02,John,South,Monitor,2,800,0.2,1280.0,10,401.92406972056773
1011,2024-11-26,Zara,SOUTH,Headset,5,45,0.15,191.25,50,79.43446699586406
1012,2024-03-28,Lucy,East,Keyboard,5,45,0.0,225.0,0,71.14454474646134
1013,2024-04-09,John,West,Phone,6,75,0.0,450.0,0,139.6654945861017
1014,2024-12-25,James,East,Headset,1,45,0.05,42.75,100,8.919248854724728
1015,2024-05-31,John,East,Tablet,7,800,0.2,4480.0,0,895.4122625974293
1016,2024-05-10, priya ,South,Monitor,7,450,0.1,2835.0,0,1204.7240230237448
1017,2024-05-29,Chen,East,Phone,1,25,0.1,22.5,10,5.58790784223773
1018,2024-11-04,John,South,Phone,7,25,0.05,166.25,50,43.49510246627443
1019,2024-09-14,James,South,Keyboard,1,75,0.05,71.25,20,26.9287306989068
1020,2024-12-09,Amara,South,Phone,6,45,0.15,229.5,0,57.752996764810284
1021,2024-10-20,Lucy,South,Tablet,4,450,0.05,,0,744.9080351258084
1022,2024-07-10,Zara,North,Tablet,5,25,0.05,118.75,10,44.10117677058226
1023,2024-10-03,Amara,West,Laptop,6,25,0.1,135.0,0,44.44588432422351
1024,2024-06-09,Amara,North,Tablet,3,120,0.15,306.0,100,126.76617573800827
1025,2024-11-09,Amara,East,Headset,2,120,0.05,228.0,0,37.59304413110462
1026,2024-01-22,Priya,North,,4,800,0.05,3040.0,0,690.4411752765584
1027,2024-09-09,Lucy,North,Tablet,3,25,0.15,63.75,10,18.456319891974903
1028,2024-08-23,Chen,East,Keyboard,5,75,0.2,300.0,0,65.4280685524369
1029,2024-12-10,Kwame,East,Laptop,7,250,0.15,1487.5,0,555.0926898335853
1030,2024-02-18,Lucy,East,Phone,1,250,0.1,225.0,10,95.79654209612647
1031,2024-02-28,Priya,North,Laptop,5,450,0.2,1800.0,0,498.83586476269863
1032,2024-06-18,Kwame,North,Phone,6,25,0.0,150.0,0,37.89596700503527
1033,2024-07-06,Lucy,East,Keyboard,2,25,0.15,42.5,20,18.634771834753973
1034,2024-09-27,Amara,West,Laptop,6,800,0.1,4320.0,50,1224.5287529444931
1035,2024-07-08,Zara,West,Monitor,4,25,0.2,80.0,0,23.737161610782795
1036,2024-06-23,Kwame,South,Headset,4,75,0.15,255.0,10,65.15121523415577
1037,2024-02-20,James,East,Headset,2,120,0.05,228.0,100,96.41311555403027
1038,2024-12-29,James,South,Phone,3,25,0.15,63.75,50,20.443773617765395
1039,2024-02-24,John,West,Monitor,3,25,0.0,75.0,0,28.39892821158701
1040,2024-08-31,Kwame,South,Laptop,4,800,0.15,2720.0,0,1070.4342821743232
1041,2024-11-15,Zara,East,Monitor,4,45,0.2,144.0,100,36.36787861082556
1042,2024-05-10,Chen,East,Monitor,7,800,0.2,4480.0,0,1254.885181294591
1043,2024-11-02,Priya,East,Laptop,1,800,0.15,680.0,20,275.088241978878
1044,2024-05-14,Amara,North,Keyboard,7,75,0.2,420.0,100,108.7701743111521
1045,2024-01-21,John,South,Monitor,7,450,0.05,2992.5,0,1161.6302660563995
1046,2024-11-24,James,West,Monitor,3,25,0.15,63.75,100,27.558978169236113
1047,2024-06-15,Priya,West,Keyboard,2,800,0.05,1520.0,50,512.1839301190113
1048,2024-09-30,Priya,West,Monitor,3,800,0.05,2280.0,100,849.273064617092
1049,2024-03-29,Amara,North,Monitor,1,45,0.1,40.5,10,15.85693234129979
1050,2024-11-11,Chen,North,Monitor,6,800,0.15,4080.0,10,1646.3285302494903
1051,2024-01-14,Chen,East,Headset,4,250,0.2,800.0,0,214.81280108563104
1052,2024-08-29,Kwame,West,Tablet,4,450,0.05,1710.0,100,282.79815455728703
1053,2024-09-21,James,North,Keyboard,1,25,0.1,22.5,0,6.0876648308479915
1054,2024-12-11,Chen,East,Monitor,7,25,0.15,148.75,0,52.378871754115
1055,2024-02-22,Zara,West,Headset,2,45,0.15,76.5,0,21.810541353669198
1056,2024-12-05,Chen,South,Keyboard,4,75,0.0,300.0,20,112.40668357743587
1057,2024-04-01,Priya,East,Phone,5,25,0.0,125.0,50,32.13684110507489
1058,2024-09-20,Amara,North,Phone,7,250,0.05,1662.5,20,565.9536403756348
1059,2024-02-04,Zara,North,Monitor,4,25,0.0,100.0,100,20.592594145619238
1060,2024-07-24,Kwame,East,Headset,5,250,0.05,1187.5,20,445.08786180476596
1061,2024-03-21,James,East,Headset,1,450,0.2,360.0,0,112.9351646318068
1062,2024-02-19,Kwame,North,Keyboard,1,450,0.05,427.5,20,90.29625783110153
1063,2024-12-25,Priya,South,Keyboard,7,120,0.0,840.0,0,199.56161572144742
1064,2024-01-02,Zara,West,Headset,4,120,0.2,384.0,0,143.8397232286271
1065,2024-02-23,Zara,South,Keyboard,3,250,0.0,750.0,0,221.08527802384214
1066,2024-04-15,Zara,East,Headset,5,75,0.05,356.25,100,76.52586019200959
1067,2024-09-16,Priya,South,Tablet,2,25,0.1,45.0,0,19.80816106999902
1068,2024-11-05,Priya,North,Headset,4,800,0.15,2720.0,100,991.5420161705806
1069,2024-07-09,Kwame,East,Phone,2,25,0.0,50.0,100,21.857022488096945
1070,2024-08-05,John,West,Keyboard,4,120,0.05,456.0,20,126.82797020529495
1071,2024-02-13,Kwame,North,Headset,3,800,0.2,1920.0,0,561.657796238431
1072,2024-06-10,James,North,Headset,3,250,0.0,750.0,100,314.5399236416293
1073,2024-07-20,Amara,West,Keyboard,7,800,0.0,5600.0,0,1722.0828916122462
1074,2024-09-26,Zara,West,Tablet,7,25,0.15,148.75,0,53.8748214437904
1075,2024-12-16,John,South,Tablet,3,25,0.05,71.25,0,16.077695256466953
1076,2024-10-30,Amara,East,Keyboard,6,75,0.1,405.0,10,115.02726594737085
1077,2024-09-27,John,West,Laptop,3,45,0.2,108.0,20,20.199775652255504
1078,2024-08-02,Chen,West,Keyboard,1,800,0.05,760.0,100,160.96344817994728
1079,2024-09-08,Chen,East,Keyboard,1,120,0.2,96.0,0,14.427170359707777
1080,2024-07-08,Lucy,West,Tablet,6,120,0.0,720.0,50,116.48125115611062
1081,2024-10-22,Chen,West,Tablet,5,45,0.15,191.25,10,84.75915935477633
1082,2024-07-31,Kwame,South,Keyboard,2,25,0.15,42.5,100,9.465009612993718
1083,2024-07-26,Chen,North,Keyboard,4,75,0.1,270.0,50,94.22816746982416
1084,2024-08-24,Priya,North,Keyboard,4,75,0.15,255.0,20,102.4411269581703
1085,2024-12-03,Zara,North,Tablet,6,120,0.0,720.0,20,226.9426591950979
1086,2024-02-22,Kwame,North,Keyboard,1,75,0.1,67.5,0,13.226176126700114
1087,2024-10-06,Amara,West,Keyboard,7,450,0.05,2992.5,0,1102.5415316185433
1088,2024-08-04,Lucy,East,Monitor,4,45,0.15,153.0,100,50.501539723570865
1089,2024-09-08,Lucy,East,Laptop,1,25,0.1,22.5,0,8.310941478094783
1090,2024-07-06,Lucy,South,Phone,5,450,0.0,2250.0,10,857.0789704285338
1091,2024-02-10,Amara,South,Laptop,2,45,0.2,72.0,100,31.868863941990497
1092,2024-06-05,Amara,West,Monitor,5,250,0.2,1000.0,10,322.068984008013
1093,2024-01-15,Amara,East,Phone,6,800,0.0,4800.0,0,1211.9632022744668
1094,2024-10-27,Amara,East,Keyboard,3,120,0.0,360.0,20,124.03417214522561
1095,2024-03-05,Lucy,North,Monitor,3,75,0.2,180.0,0,30.695798299101813
1096,2024-12-10,Lucy,West,Keyboard,3,250,0.1,675.0,20,282.9729569601212
1097,2024-11-22,John,West,Tablet,5,75,0.2,300.0,100,55.744291020437714
1098,2024-01-09,Kwame,North,Headset,4,450,0.0,1800.0,20,447.0351324583419
1099,2024-12-09,Zara,West,Monitor,2,25,0.15,42.5,0,16.77575360298304
1100,2024-05-08,Chen,West,Tablet,3,25,0.05,71.25,0,23.455052086818966
1101,2024-05-15,Chen,South,Monitor,6,25,0.15,127.5,10,34.18155865061216
1102,2024-03-03,Priya,East,Monitor,6,75,0.15,382.5,50,111.70174191328373
1103,2024-05-18,Lucy,West,Tablet,3,250,0.0,750.0,20,304.7731634704906
1104,2024-03-21,Priya,South,Phone,3,25,0.2,60.0,20,15.120078949078058
1105,2024-06-11,Kwame,East,Laptop,2,250,0.1,450.0,0,184.90270744964312
1106,2024-10-15,Kwame,North,Keyboard,3,75,0.15,191.25,100,33.744212977287674
1107,2024-09-17,Priya,South,Monitor,2,450,0.2,720.0,100,275.78846243706425
1108,2024-08-18,Lucy,South,Keyboard,6,250,0.1,1350.0,100,545.7567913871683
1109,2024-02-10,Priya,East,Headset,3,450,0.15,1147.5,50,234.71572698925385
1110,2024-01-28,Chen,North,Tablet,5,75,0.1,337.5,0,94.19758640268529
1111,2024-05-14,John,South,Keyboard,7,75,0.2,420.0,0,83.8529716076206
1112,2024-07-19,Chen,West,Tablet,5,120,0.05,570.0,50,206.32930605801127
1113,2024-11-23,James,West,Keyboard,6,75,0.2,360.0,0,111.81755895065892
1114,2024-09-24,Lucy,West,Laptop,2,75,0.0,150.0,20,51.08955060187445
1115,2024-02-02,Lucy,North,Laptop,5,45,0.1,202.5,10,42.311583242589826
1116,2024-02-17,Zara,South,Laptop,2,25,0.05,47.5,0,10.142378534246978
1117,2024-03-02,Amara,West,Laptop,5,120,0.1,540.0,0,87.72256673260483
1118,2024-08-03,James,North,Laptop,5,800,0.1,3600.0,0,887.8329380113881
1119,2024-10-19,Kwame,West,Laptop,2,120,0.15,204.0,50,64.85637327362092
1120,2024-04-08,Lucy,East,Tablet,4,120,0.0,480.0,0,195.54262761561534
1121,2024-06-20,Priya,South,Monitor,5,800,0.1,3600.0,0,1260.2816432553752
1122,2024-12-25,James,South,Keyboard,3,45,0.2,108.0,0,30.306840878151945
1123,2024-08-01,Zara,North,Laptop,7,450,0.2,2520.0,10,1098.5588064819683
1124,2024-02-04,Kwame,North,Tablet,6,75,0.15,382.5,0,139.90838676607672
1125,2024-08-14,Amara,South,Tablet,4,25,0.0,100.0,0,42.9049560858765
1126,2024-04-10,Amara,West,Tablet,2,250,0.0,500.0,10,154.13819599082484
1127,2024-05-10,Zara,West,Monitor,4,800,0.2,2560.0,0,582.8384830411312
1128,2024-09-13,Zara,East,Keyboard,1,450,0.05,427.5,50,70.90002252627559
1129,2024-01-05,Priya,West,Monitor,1,800,0.15,680.0,50,250.12130970270556
1130,2024-08-05,Lucy,North,Phone,5,75,0.15,318.75,0,59.4120991842792
1131,2024-09-11,Amara,North,Tablet,5,45,0.2,180.0,10,43.34985692668623
1132,2024-12-24,Kwame,West,Phone,3,800,0.2,1920.0,0,594.7032429411249
1133,2024-10-09,James,North,Headset,7,75,0.05,498.75,100,159.26333194654475
1134,2024-07-25,Kwame,South,Laptop,6,75,0.05,427.5,0,141.1497950136002
1135,2024-01-15,John,South,Laptop,4,45,0.0,180.0,50,35.977787838883835
1136,2024-12-11,John,West,Monitor,1,120,0.15,102.0,100,26.919964587542456
1137,2024-02-11,Zara,South,Keyboard,5,120,0.15,510.0,20,170.93071674889592
1138,2024-06-27,Priya,South,Phone,6,25,0.2,120.0,0,52.91347912681625
1139,2024-03-03,John,East,Keyboard,4,25,0.0,100.0,0,36.82893413099067
1140,2024-12-17,Amara,East,Monitor,5,120,0.15,510.0,0,217.65837483537555
1141,2024-08-18,Kwame,South,Laptop,5,450,0.0,2250.0,50,851.9931393620695
1142,2024-08-28,Kwame,West,Keyboard,1,250,0.0,250.0,20,81.87877266693005
1143,2024-02-21,Zara,East,Keyboard,1,75,0.2,60.0,0,12.456420644454202
1144,2024-04-05,Lucy,North,Laptop,5,250,0.0,1250.0,50,437.50711945969243
1145,2024-08-09,Lucy,North,Phone,2,75,0.05,142.5,10,48.02447644478603
1146,2024-08-18,James,North,Laptop,5,120,0.05,570.0,0,188.52222814819257
1147,2024-08-24,Zara,West,Keyboard,6,25,0.1,135.0,0,40.08632765352375
1148,2024-05-22,Chen,South,Phone,5,450,0.2,1800.0,10,555.4745661542089
1149,2024-06-19,James,North,Phone,3,25,0.1,67.5,100,16.897461174141608
1150,2024-01-29,Chen,West,Laptop,7,250,0.05,1662.5,0,508.3822054553487
1151,2024-02-05,Lucy,East,Keyboard,3,25,0.1,67.5,10,14.125507089989183
1152,2024-01-13,Zara,South,Monitor,3,120,0.2,288.0,0,112.76706793193657
1153,2024-06-08,Chen,East,Keyboard,2,450,0.2,720.0,0,148.12782221492088
1154,2024-11-22,Zara,West,Tablet,2,250,0.0,500.0,100,87.74494348341996
1155,2024-07-05,Zara,North,Headset,5,450,0.15,1912.5,0,537.1711576224191
1156,2024-08-30,Lucy,North,Monitor,3,75,0.0,225.0,10,78.18575216665917
1157,2024-03-26,James,West,Phone,2,25,0.2,40.0,10,11.252601899202496
1158,2024-10-10,James,North,Monitor,1,450,0.05,427.5,0,99.61871742275534
1159,2024-03-06,Zara,South,Phone,5,45,0.05,213.75,10,67.85522716697452
1160,2024-06-18,John,West,Phone,6,25,0.0,150.0,50,38.115105093549
1161,2024-02-14,Priya,East,Monitor,7,75,0.2,420.0,0,180.54132895595578
1162,2024-03-02,Lucy,West,Phone,4,450,0.05,1710.0,0,729.8169566166325
1163,2024-05-13,Priya,South,Phone,5,250,0.2,1000.0,0,300.7115459916286
1164,2024-10-10,Priya,South,Tablet,4,75,0.05,285.0,0,70.7840814885611
1165,2024-01-28,James,West,Keyboard,3,45,0.2,108.0,50,40.08309021219511
1166,2024-04-17,James,West,Keyboard,7,450,0.1,2835.0,100,456.47435843234814
1167,2024-02-13,John,North,Headset,4,800,0.2,2560.0,50,748.6225966415242
1168,2024-12-05,Priya,South,Headset,3,800,0.2,1920.0,20,481.72227509971214
1169,2024-10-12,Priya,West,Tablet,1,120,0.0,120.0,20,51.13929186369197
1170,2024-11-26,Zara,West,Headset,4,25,0.1,90.0,20,13.824081736362427
1171,2024-05-07,James,South,Monitor,7,250,0.15,1487.5,0,469.81863828931324
1172,2024-12-13,Priya,West,Laptop,5,120,0.0,600.0,10,223.3194445919927
1173,2024-08-18,Kwame,North,Laptop,3,450,0.15,1147.5,50,339.0924422051512
1174,2024-07-08,John,South,Laptop,5,800,0.05,3800.0,0,667.3594543855027
1175,2024-08-12,Chen,North,Tablet,7,800,0.15,4760.0,100,2102.6748649598444
1176,2024-10-09,Kwame,North,Tablet,2,800,0.2,1280.0,0,390.9160056484217
1177,2024-04-30,Kwame,North,Phone,3,450,0.15,1147.5,0,383.5586146068197
1178,2024-04-25,Chen,North,Laptop,4,800,0.0,3200.0,0,707.145391399207
1179,2024-08-20,Lucy,South,Monitor,3,75,0.0,225.0,100,66.38612074470926
1180,2024-09-15,Lucy,North,Headset,5,450,0.15,1912.5,20,533.0995210110872
1181,2024-12-24,John,North,Monitor,1,250,0.0,250.0,0,43.117188150148785
1182,2024-07-16,Kwame,West,Headset,3,120,0.0,360.0,100,65.46531818312647
1183,2024-05-16,Priya,South,Laptop,4,250,0.15,850.0,100,341.0554925027875
1184,2024-11-13,James,South,Laptop,2,45,0.1,81.0,10,17.977624838620144
1185,2024-06-13,John,East,Laptop,6,800,0.1,4320.0,100,900.6659198622252
1186,2024-08-12,Zara,South,Tablet,1,45,0.05,42.75,20,12.887989362283037
1187,2024-11-02,Chen,South,Headset,2,25,0.0,50.0,0,19.031206970437697
1188,2024-08-21,Kwame,East,Tablet,3,25,0.15,63.75,100,10.747227167823144
1189,2024-06-20,John,South,Tablet,5,45,0.0,225.0,0,72.68453457558228
1190,2024-05-31,Amara,South,Keyboard,7,450,0.2,2520.0,100,468.1230947874734
1191,2024-11-10,Amara,South,Monitor,5,250,0.0,1250.0,0,201.17289405960693
1192,2024-06-08,Lucy,South,Monitor,4,45,0.0,180.0,0,29.84817341675974
1193,2024-04-05,Chen,East,Phone,5,25,0.1,112.5,0,45.028038652034894
1194,2024-08-20,James,South,Tablet,1,45,0.15,38.25,100,7.091234249632007
1195,2024-06-28,Priya,South,Headset,5,450,0.0,2250.0,20,367.97717097829707
1196,2024-04-22,James,East,Keyboard,4,45,0.1,162.0,0,45.581934515145534
1197,2024-11-13,James,West,Keyboard,6,250,0.05,1425.0,50,574.5572092552155
1198,2024-02-21,James,North,Monitor,3,120,0.1,324.0,50,74.10609419476015
1199,2024-09-24,Chen,West,Tablet,7,450,0.1,2835.0,50,783.9165812057919
1200,2024-10-21,James,East,Phone,3,25,0.1,67.5,20,10.933431284415963
1201,2024-04-22,Zara,North,Tablet,5,250,0.0,1250.0,10,355.9044428005785
1202,2024-04-10,Chen,East,Laptop,2,45,0.0,90.0,0,29.095553177202614
1203,2024-04-22,Zara,East,Tablet,3,45,0.05,128.25,0,41.20314889311377
1204,2024-03-21,Chen,South,Laptop,6,120,0.2,576.0,0,143.84333240773032
1205,2024-07-05,Lucy,North,Laptop,5,25,0.2,100.0,0,24.465995419894064
1206,2024-04-22,John,South,Phone,7,25,0.2,140.0,100,25.478191995337113
1207,2024-01-02,Amara,North,Headset,4,75,0.05,285.0,50,74.11125641525597
1208,2024-05-09,James,East,Monitor,6,25,0.2,120.0,100,21.58180807942673
1209,2024-08-07,Lucy,East,Tablet,5,120,0.2,480.0,50,182.38981603853546
1210,2024-02-23,John,West,Laptop,6,800,0.1,4320.0,0,1900.291489881649
1211,2024-12-08,Amara,North,Tablet,3,75,0.0,225.0,0,99.23002582500273
1212,2024-08-11,Kwame,South,Headset,7,75,0.0,525.0,10,214.99869815162452
1213,2024-08-12,Priya,West,Monitor,4,45,0.1,162.0,100,53.4984984579055
1214,2024-05-05,Zara,West,Headset,5,45,0.1,202.5,10,72.95259110756571
1215,2024-05-09,Kwame,West,Monitor,1,25,0.1,22.5,10,5.300139168092795
1216,2024-02-22,Chen,South,Keyboard,4,75,0.0,300.0,10,101.76933781553585
1217,2024-06-20,Amara,West,Monitor,1,45,0.2,36.0,0,10.321015133950677
1218,2024-08-05,Kwame,South,Phone,6,120,0.1,648.0,0,190.90417085263567
1219,2024-06-08,Priya,West,Headset,2,45,0.05,85.5,0,32.261968773622804
1220,2024-07-16,Lucy,South,Laptop,4,450,0.1,1620.0,10,380.0123208202643
1221,2024-09-03,Amara,East,Keyboard,6,450,0.15,2295.0,0,563.220272651677
1222,2024-11-19,Kwame,East,Phone,1,45,0.1,40.5,10,17.30939776221294
1223,2024-07-21,Zara,East,Tablet,3,75,0.0,225.0,20,37.545139902440624
1224,2024-07-02,Zara,East,Headset,3,800,0.1,2160.0,50,638.6910253718446
1225,2024-05-02,John,East,Laptop,2,800,0.15,1360.0,0,576.4227265664076
1226,2024-09-11,Kwame,West,Monitor,4,75,0.05,285.0,20,94.93603716845243
1227,2024-10-20,James,West,Laptop,4,250,0.2,800.0,0,251.1376978109117
1228,2024-10-06,Kwame,West,Tablet,4,800,0.1,2880.0,0,647.7789708541629
1229,2024-11-20,Lucy,South,Keyboard,6,450,0.15,2295.0,0,580.5951742208725
1230,2024-04-07,Amara,South,Keyboard,7,120,0.15,714.0,100,289.6087706653652
1231,2024-07-16,Amara,South,Headset,7,75,0.05,498.75,0,158.48551296585558
1232,2024-08-27,Lucy,South,Keyboard,2,25,0.0,50.0,50,15.221132906351698
1233,2024-05-23,Kwame,East,Headset,4,450,0.1,1620.0,20,291.39574078045405
1234,2024-04-06,Lucy,East,Headset,6,120,0.15,612.0,50,94.7427695251606
1235,2024-07-19,Priya,East,Headset,3,120,0.05,342.0,100,150.17410035929123
1236,2024-05-03,Chen,North,Monitor,1,75,0.2,60.0,10,15.785751011163152
1237,2024-07-05,Lucy,West,Phone,6,120,0.15,612.0,50,202.549918201469
1238,2024-11-21,Zara,South,Headset,7,75,0.05,498.75,50,86.73986782564752
1239,2024-12-14,Lucy,South,Headset,7,800,0.0,5600.0,10,1987.6320000147184
1240,2024-09-15,Amara,East,Phone,3,45,0.0,135.0,0,58.018951702591416
1241,2024-05-27,Zara,South,Laptop,3,450,0.15,1147.5,10,370.2977633443618
1242,2024-09-08,Amara,South,Headset,1,250,0.15,212.5,20,39.91485180143243
1243,2024-12-11,John,West,Monitor,3,45,0.1,121.5,50,39.42874967640822
1244,2024-05-26,James,East,Keyboard,2,450,0.05,855.0,10,324.81806016134334
1245,2024-05-27,Amara,West,Keyboard,1,75,0.15,63.75,100,17.33521626197811
1246,2024-12-17,Zara,North,Tablet,3,450,0.1,1215.0,100,502.9508591246651
1247,2024-07-17,John,North,Tablet,5,800,0.1,3600.0,50,1240.5775896259538
1248,2024-11-03,Amara,North,Keyboard,6,75,0.15,382.5,20,160.56381337368603
1249,2024-05-07,Priya,East,Keyboard,3,45,0.0,135.0,0,45.501965105517165
1250,2024-02-08,Lucy,South,Monitor,2,25,0.05,47.5,20,8.995853601068745
1251,2024-12-03,James,East,Phone,4,25,0.05,95.0,0,23.07621376649789
1252,2024-12-25,Amara,East,Tablet,3,450,0.0,1350.0,0,284.22695404224504
1253,2024-05-08,John,South,Phone,7,25,0.15,148.75,0,62.86888246061499
1254,2024-09-23,Priya,West,Monitor,7,75,0.05,498.75,50,188.5873600678896
1255,2024-05-30,Kwame,North,Keyboard,7,120,0.15,714.0,100,251.98453062052334
1256,2024-10-24,John,West,Headset,4,75,0.15,255.0,0,61.27392345181906
1257,2024-04-08,Lucy,North,Phone,7,120,0.1,756.0,100,155.14135430098844
1258,2024-09-19,John,East,Keyboard,5,45,0.0,225.0,0,84.81044843925156
1259,2024-09-08,Priya,North,Keyboard,3,250,0.15,637.5,0,186.307707149374
1260,2024-05-23,John,East,Laptop,7,120,0.2,672.0,100,146.31917371356684
1261,2024-12-11,Priya,West,Phone,1,25,0.0,25.0,50,8.374664836239564
1262,2024-04-21,Amara,East,Headset,4,75,0.05,285.0,20,46.19854435783765
1263,2024-02-29,Chen,West,Phone,5,45,0.1,202.5,0,50.189842938291406
1264,2024-01-02,Priya,South,Keyboard,1,25,0.05,23.75,0,6.900968586461834
1265,2024-10-30,Priya,South,Headset,1,45,0.05,42.75,100,8.31006563495313
1266,2024-09-10,James,South,Monitor,1,250,0.0,250.0,100,111.34908581931296
1267,2024-05-19,Priya,East,Laptop,1,800,0.05,760.0,0,161.67419912643206
1268,2024-02-06,Priya,South,Keyboard,3,75,0.15,191.25,20,36.16651083623236
1269,2024-06-08,Kwame,North,Tablet,7,450,0.05,2992.5,0,631.5984330319612
1270,2024-01-09,Chen,West,Tablet,6,75,0.1,405.0,100,154.1909276789065
1271,2024-08-20,Amara,West,Laptop,3,250,0.1,675.0,100,187.41489600254818
1272,2024-04-08,Lucy,North,Monitor,3,75,0.2,180.0,0,57.53246074663706
1273,2024-05-26,James,East,Keyboard,5,450,0.1,2025.0,20,316.51306286921414
1274,2024-10-30,Kwame,East,Phone,5,120,0.05,570.0,10,91.38775376603678
1275,2024-07-26,Zara,West,Laptop,7,45,0.1,283.5,0,80.44246301278774
1276,2024-05-10,Chen,South,Monitor,6,450,0.0,2700.0,0,1066.490746993315
1277,2024-05-31,Amara,East,Phone,5,25,0.1,112.5,100,46.75181215638033
1278,2024-02-23,Amara,East,Tablet,7,250,0.15,1487.5,0,261.8178057895544
1279,2024-04-29,Zara,North,Tablet,7,120,0.0,840.0,0,261.66750172945774
1280,2024-06-09,Lucy,North,Phone,2,25,0.2,40.0,100,16.95875623535125
1281,2024-04-25,Priya,South,Laptop,6,25,0.15,127.5,0,33.964957855719156
1282,2024-03-15,Kwame,East,Tablet,5,250,0.05,1187.5,10,473.65782744635635
1283,2024-04-22,John,East,Keyboard,6,120,0.05,684.0,0,130.0343482827643
1284,2024-04-13,James,North,Headset,3,800,0.05,2280.0,50,981.8098309327744
1285,2024-12-05,John,East,Phone,3,25,0.15,63.75,0,23.933470947786166
1286,2024-09-10,Zara,West,Phone,6,25,0.15,127.5,0,55.131040524099
1287,2024-08-14,Amara,North,Tablet,2,120,0.15,204.0,20,72.0089746934134
1288,2024-04-21,Lucy,South,Laptop,2,75,0.0,150.0,20,38.85317693997422
1289,2024-04-08,Amara,North,Keyboard,6,25,0.0,150.0,0,64.71815276361251
1290,2024-06-01,James,East,Laptop,5,45,0.05,213.75,100,49.73321953082608
1291,2024-12-14,Amara,South,Monitor,4,120,0.1,432.0,20,107.84955885920054
1292,2024-12-31,Amara,North,Monitor,2,25,0.05,47.5,0,17.111519956524802
1293,2024-12-03,James,West,Headset,1,250,0.2,200.0,20,75.91897797152318
1294,2024-07-12,Kwame,West,Tablet,3,450,0.0,1350.0,20,578.9084109589073
1295,2024-11-05,Kwame,North,Tablet,6,45,0.15,229.5,0,48.525645863520026
1296,2024-06-11,James,West,Tablet,1,450,0.0,450.0,100,175.22973475459526
1297,2024-07-26,Lucy,West,Headset,6,450,0.15,2295.0,10,852.7389577638094
1298,2024-06-17,Zara,West,Monitor,7,25,0.2,140.0,20,23.67937136265111
1299,2024-06-09,Chen,South,Laptop,3,45,0.2,108.0,50,28.746029775210708
1300,2024-03-08,Amara,West,Headset,3,45,0.0,135.0,20,31.70200101093399
1301,2024-10-15,Lucy,West,Headset,2,75,0.15,127.5,10,30.771758731541663
1302,2024-10-03,Amara,West,Laptop,2,450,0.2,720.0,0,320.31652598381544
1303,2024-10-30,Chen,South,Tablet,1,45,0.05,42.75,10,14.656120327880078
1304,2024-05-14,Zara,North,Keyboard,7,75,0.05,498.75,0,182.19479510985238
1305,2024-07-13,Kwame,East,Laptop,6,120,0.15,612.0,0,271.1069982110357
1306,2024-05-07,Lucy,West,Monitor,7,75,0.0,525.0,0,138.1592807370781
1307,2024-02-02,Priya,North,Phone,3,250,0.2,600.0,0,234.33123032150507
1308,2024-06-24,Priya,West,Phone,1,800,0.0,800.0,0,224.28743119307893
1309,2024-01-22,Chen,South,Headset,4,25,0.05,95.0,0,39.031709646726924
1310,2024-08-25,Priya,North,Phone,1,120,0.2,96.0,50,19.60293718976553
1311,2024-06-06,Kwame,South,Keyboard,5,800,0.0,4000.0,0,1737.2234124771358
1312,2024-02-07,Chen,West,Tablet,1,800,0.1,720.0,0,155.25468901675
1313,2024-08-17,Kwame,West,Monitor,7,120,0.15,714.0,20,176.97643259531554
1314,2024-12-30,Zara,South,Keyboard,5,250,0.15,1062.5,50,400.41127462153634
1315,2024-02-20,Amara,East,Monitor,5,75,0.1,337.5,50,90.49270808349743
1316,2024-09-20,Zara,South,Monitor,5,25,0.05,118.75,20,39.48003029730466
1317,2024-10-09,Zara,West,Tablet,4,75,0.2,240.0,0,68.00929207699886
1318,2024-01-27,Kwame,South,Headset,1,45,0.15,38.25,50,14.256195028105248
1319,2024-08-13,Chen,East,Phone,7,75,0.1,472.5,0,103.24095502325059
1320,2024-10-03,Chen,South,Tablet,1,120,0.1,108.0,0,18.094038786474815
1321,2024-10-12,Priya,East,Keyboard,4,25,0.05,95.0,100,22.79798782798239
1322,2024-04-06,John,East,Headset,3,75,0.05,213.75,20,62.4775431346881
1323,2024-10-10,Amara,South,Keyboard,2,25,0.0,50.0,0,10.020300782890178
1324,2024-11-12,Kwame,South,Headset,7,25,0.15,148.75,0,38.14532905091634
1325,2024-10-30,Priya,North,Keyboard,7,45,0.0,315.0,0,85.04839522874224
1326,2024-05-26,Lucy,West,Tablet,1,45,0.1,40.5,0,6.772310900812523
1327,2024-01-04,John,East,Headset,2,120,0.2,192.0,0,62.39849749541019
1328,2024-02-04,John,North,Headset,6,250,0.2,1200.0,10,498.3636340696636
1329,2024-07-10,Kwame,South,Monitor,6,800,0.05,4560.0,20,891.5843049197757
1330,2024-02-18,James,West,Monitor,4,25,0.2,80.0,20,26.347392321636338
1331,2024-01-17,Amara,North,Laptop,6,250,0.2,1200.0,0,419.30611376790466
1332,2024-06-20,John,East,Keyboard,7,800,0.2,4480.0,50,1235.5858104835238
1333,2024-08-07,Kwame,North,Monitor,6,800,0.1,4320.0,0,1556.622473224094
1334,2024-06-06,Kwame,East,Laptop,3,120,0.2,288.0,10,78.68720535762344
1335,2024-02-15,Priya,South,Monitor,3,800,0.2,1920.0,0,578.6710778750025
1336,2024-01-06,Lucy,West,Keyboard,3,800,0.2,1920.0,20,292.2353536633499
1337,2024-04-08,James,West,Headset,6,25,0.0,150.0,0,53.627405136061
1338,2024-08-20,Amara,West,Phone,4,25,0.1,90.0,10,31.356252331507562
1339,2024-02-06,Chen,South,Keyboard,5,450,0.05,2137.5,50,345.24956258551845
1340,2024-10-06,Zara,East,Tablet,5,250,0.0,1250.0,0,325.59379027317493
1341,2024-12-14,Lucy,South,Monitor,2,75,0.15,127.5,0,56.57296791028129
1342,2024-10-28,Lucy,West,Monitor,5,45,0.1,202.5,0,55.934746176043475
1343,2024-06-29,Priya,South,Headset,5,75,0.1,337.5,0,101.44697226959899
1344,2024-04-04,Chen,South,Tablet,3,250,0.15,637.5,20,269.6491427480462
1345,2024-04-08,John,South,Headset,3,45,0.15,114.75,0,41.90424007667867
1346,2024-07-06,John,East,Tablet,6,75,0.15,382.5,100,124.16754754650466
1347,2024-04-25,Priya,North,Phone,2,450,0.05,855.0,0,332.8869007639851
1348,2024-07-09,Kwame,North,Monitor,1,45,0.2,36.0,0,14.735155677724514
1349,2024-09-09,John,South,Monitor,7,25,0.1,157.5,50,45.21296138958587
1350,2024-06-09,James,North,Phone,2,75,0.2,120.0,0,35.10390113754608
1351,2024-09-12,Amara,North,Laptop,2,45,0.2,72.0,0,19.13870021007965
1352,2024-11-18,Lucy,South,Headset,4,450,0.15,1530.0,0,673.2181182684735
1353,2024-05-07,Lucy,South,Phone,6,800,0.05,4560.0,0,1637.7234358691994
1354,2024-01-18,James,West,Headset,4,45,0.0,180.0,0,31.494045575235905
1355,2024-10-07,Chen,North,Keyboard,2,45,0.05,85.5,0,34.95991433797892
1356,2024-08-10,John,East,Monitor,2,450,0.2,720.0,0,211.80094722063393
1357,2024-02-23,Lucy,South,Headset,2,800,0.05,1520.0,10,259.3517813286543
1358,2024-02-27,Zara,West,Tablet,5,75,0.15,318.75,100,100.37921252499163
1359,2024-11-18,Chen,East,Headset,7,120,0.0,840.0,0,231.12539830187694
1360,2024-12-25,Amara,North,Keyboard,7,75,0.15,446.25,0,184.4462015759839
1361,2024-06-22,Amara,West,Monitor,4,800,0.0,3200.0,0,675.834819465012
1362,2024-10-06,Lucy,South,Phone,2,250,0.2,400.0,20,159.17575313906195
1363,2024-04-23,Priya,East,Keyboard,7,450,0.0,3150.0,20,999.515813170253
1364,2024-10-14,Chen,South,Monitor,3,75,0.0,225.0,50,37.43619546690916
1365,2024-12-07,Lucy,North,Headset,7,45,0.0,315.0,20,139.0893809752583
1366,2024-05-30,Priya,East,Laptop,6,450,0.05,2565.0,0,779.2074303374123
1367,2024-05-06,Lucy,North,Laptop,6,25,0.05,142.5,50,33.809985518400154
1368,2024-06-03,Zara,North,Tablet,7,800,0.2,4480.0,0,1302.8827956335629
1369,2024-09-29,Chen,West,Monitor,3,75,0.0,225.0,0,91.65540038743052
1370,2024-04-13,Kwame,South,Laptop,6,450,0.1,2430.0,100,586.7743776767113
1371,2024-10-25,Amara,East,Phone,5,75,0.2,300.0,100,62.340875683803034
1372,2024-09-02,Lucy,North,Monitor,7,450,0.0,3150.0,0,594.4723283496829
1373,2024-06-24,Zara,North,Phone,5,45,0.0,225.0,0,53.855509391339254
1374,2024-02-08,Priya,East,Phone,7,25,0.05,166.25,50,63.84239834112218
1375,2024-06-18,Priya,North,Laptop,1,25,0.2,20.0,0,5.82975819117157
1376,2024-09-03,Amara,West,Monitor,1,250,0.0,250.0,10,54.5611202770155
1377,2024-01-26,James,West,Headset,1,450,0.0,450.0,0,89.93497494731614
1378,2024-12-20,Lucy,West,Keyboard,6,75,0.2,360.0,10,89.93478346312095
1379,2024-11-01,Chen,West,Laptop,5,25,0.1,112.5,10,48.59744758489267
1380,2024-01-13,John,North,Laptop,5,800,0.2,3200.0,20,809.3056440864235
1381,2024-11-11,Priya,East,Headset,5,25,0.2,100.0,0,44.64372227863906
1382,2024-11-08,Chen,East,Monitor,3,120,0.1,324.0,100,95.76440030039261
1383,2024-02-05,Chen,East,Monitor,5,120,0.2,480.0,100,97.79960423378174
1384,2024-06-21,Kwame,East,Phone,3,25,0.0,75.0,10,31.30065206535396
1385,2024-01-20,Chen,South,Headset,1,450,0.2,360.0,100,103.7183802985613
1386,2024-11-16,Chen,East,Headset,1,250,0.1,225.0,0,81.6528156865554
1387,2024-09-20,Kwame,South,Monitor,6,25,0.15,127.5,20,56.75196805775006
1388,2024-05-21,Priya,South,Phone,7,45,0.2,252.0,0,41.593256484190036
1389,2024-05-22,Chen,West,Laptop,1,75,0.05,71.25,0,12.754346215459249
1390,2024-04-01,James,South,Tablet,7,250,0.0,1750.0,10,640.739789267947
1391,2024-12-19,James,North,Keyboard,7,45,0.0,315.0,0,73.8824628114221
1392,2024-11-17,Zara,South,Laptop,6,250,0.05,1425.0,100,292.53884719616735
1393,2024-10-14,Kwame,West,Monitor,2,45,0.05,85.5,0,13.83463221737606
1394,2024-08-02,Zara,South,Keyboard,2,75,0.2,120.0,0,18.786481631503264
1395,2024-12-07,Kwame,North,Tablet,4,75,0.05,285.0,10,108.96851906674213
1396,2024-02-20,Lucy,North,Tablet,6,120,0.15,612.0,20,116.48197726504938
1397,2024-06-01,Lucy,North,Phone,4,450,0.1,1620.0,100,470.3122193619793
1398,2024-07-04,Chen,West,Keyboard,4,45,0.05,171.0,20,56.73250661870748
1399,2024-03-03,John,West,Phone,2,120,0.05,228.0,10,63.49926315890908
1400,2024-07-08,Lucy,East,Laptop,6,45,0.15,229.5,100,36.291293013349645
1401,2024-05-04,John,West,Headset,2,120,0.0,240.0,0,92.41210818632945
1402,2024-05-29,Lucy,North,Headset,4,75,0.0,300.0,100,45.94619020874881
1403,2024-11-09,Amara,North,Headset,6,250,0.2,1200.0,0,454.28036197589427
1404,2024-02-27,Lucy,West,Keyboard,4,800,0.15,2720.0,20,1136.9364669311083
1405,2024-12-07,Zara,South,Headset,5,120,0.1,540.0,20,151.12006721126193
1406,2024-10-31,Priya,West,Laptop,7,45,0.1,283.5,10,88.07288733696775
1407,2024-06-28,Chen,West,Phone,6,45,0.15,229.5,0,67.26530658172545
1408,2024-06-18,Zara,North,Keyboard,6,800,0.1,4320.0,20,1152.4143697359766
1409,2024-11-21,Priya,East,Phone,7,450,0.0,3150.0,0,1311.1161859249905
1410,2024-09-27,James,North,Keyboard,4,75,0.1,270.0,20,112.90861436426923
1411,2024-02-23,Zara,East,Phone,5,45,0.1,202.5,100,50.775844151973224
1412,2024-04-10,James,North,Tablet,3,25,0.15,63.75,0,21.325709045531102
1413,2024-09-20,John,West,Phone,7,250,0.15,1487.5,0,636.7574996075919
1414,2024-02-22,John,North,Headset,2,120,0.1,216.0,100,94.74139073139959
1415,2024-02-29,Amara,North,Tablet,4,450,0.05,1710.0,50,517.5959877365104
1416,2024-04-17,Lucy,North,Phone,7,800,0.15,4760.0,0,1360.6338219460188
1417,2024-01-05,Zara,West,Keyboard,7,250,0.2,1400.0,50,327.05161268998086
1418,2024-04-12,James,West,Keyboard,6,75,0.2,360.0,20,157.5581623045643
1419,2024-07-14,Priya,West,Keyboard,2,450,0.0,900.0,0,173.5598622076742
1420,2024-09-18,John,West,Monitor,2,120,0.1,216.0,0,69.97295652789258
1421,2024-12-30,Lucy,East,Laptop,2,120,0.05,228.0,20,53.526438298274904
1422,2024-12-15,John,East,Keyboard,7,800,0.0,5600.0,20,1308.7339277842984
1423,2024-02-16,Priya,South,Tablet,3,25,0.1,67.5,0,18.325613894367816
1424,2024-12-20,Lucy,West,Keyboard,1,800,0.15,680.0,20,305.7537589063935
1425,2024-11-06,Lucy,East,Monitor,4,75,0.2,240.0,10,39.95757409246719
1426,2024-11-03,James,North,Headset,1,450,0.05,427.5,20,138.3229881846029
1427,2024-05-23,James,West,Tablet,7,450,0.2,2520.0,10,440.42455147466956
1428,2024-09-25,Zara,South,Monitor,1,45,0.15,38.25,20,7.510626524141205
1429,2024-05-03,Zara,South,Headset,7,25,0.1,157.5,0,44.39434899876946
1430,2024-04-15,Kwame,South,Tablet,1,25,0.15,21.25,10,6.441683337333564
1431,2024-06-06,Chen,North,Phone,2,450,0.15,765.0,0,174.14285771965825
1432,2024-05-26,Kwame,East,Laptop,5,450,0.2,1800.0,10,440.8868506721847
1433,2024-05-24,Amara,North,Laptop,2,250,0.05,475.0,100,83.64280038647046
1434,2024-04-29,John,West,Monitor,2,250,0.15,425.0,0,102.41052244014195
1435,2024-11-14,Zara,South,Headset,6,250,0.2,1200.0,50,527.9610381769959
1436,2024-10-01,James,North,Laptop,6,25,0.05,142.5,10,61.76124056649859
1437,2024-04-01,Priya,North,Headset,1,45,0.1,40.5,100,10.143771225164368
1438,2024-02-27,James,East,Headset,7,120,0.1,756.0,100,242.86967274802316
1439,2024-12-11,John,East,Monitor,2,250,0.0,500.0,100,211.43930866664167
1440,2024-08-16,Kwame,South,Monitor,1,45,0.2,36.0,20,5.466785284521684
1441,2024-04-26,James,North,Monitor,6,800,0.05,4560.0,100,1793.0151242218258
1442,2024-11-13,Chen,North,Laptop,5,75,0.15,318.75,20,138.5003384854404
1443,2024-10-05,Amara,East,Monitor,4,250,0.1,900.0,50,159.65794827006042
1444,2024-05-06,John,North,Laptop,1,800,0.05,760.0,0,150.810072415506
1445,2024-05-08,Kwame,North,Monitor,5,120,0.2,480.0,0,210.3474675990752
1446,2024-02-27,Chen,North,Keyboard,4,75,0.0,300.0,20,93.37861292763118
1447,2024-05-01,Priya,East,Headset,3,75,0.1,202.5,100,31.237445544157215
1448,2024-01-01,Kwame,South,Monitor,1,120,0.05,114.0,100,25.9110143577127
1449,2024-08-26,Lucy,West,Tablet,1,250,0.05,237.5,0,67.68348679165626
1450,2024-10-16,Chen,South,Headset,3,25,0.05,71.25,100,25.49842797315441
1451,2024-04-05,Chen,West,Headset,3,120,0.2,288.0,0,106.5450566710195
1452,2024-05-05,Amara,North,Monitor,1,120,0.2,96.0,10,43.068139572253145
1453,2024-04-27,John,South,Phone,3,120,0.2,288.0,10,68.04096762675678
1454,2024-02-17,Priya,West,Monitor,2,75,0.15,127.5,100,39.71191889646918
1455,2024-03-29,Amara,East,Headset,4,45,0.05,171.0,0,53.00949800519774
1456,2024-08-24,Kwame,East,Tablet,4,800,0.1,2880.0,20,782.4775041624132
1457,2024-09-28,Amara,South,Headset,4,25,0.2,80.0,0,16.059885452218086
1458,2024-07-07,Chen,South,Tablet,2,250,0.2,400.0,0,177.29478758206113
1459,2024-07-10,John,North,Laptop,7,250,0.05,1662.5,20,674.9669468499598
1460,2024-03-09,Zara,South,Keyboard,3,800,0.2,1920.0,0,575.0398242974807
1461,2024-10-04,Amara,North,Headset,5,45,0.15,191.25,100,63.298706126496214
1462,2024-12-14,Lucy,North,Monitor,3,120,0.15,306.0,10,66.762564716777
1463,2024-09-03,Amara,East,Laptop,1,25,0.2,20.0,0,6.262722422350482
1464,2024-03-16,Kwame,East,Keyboard,6,250,0.05,1425.0,100,510.84973190943094
1465,2024-06-02,Kwame,West,Monitor,4,800,0.05,3040.0,50,925.832329888569
1466,2024-05-23,Priya,East,Phone,3,450,0.05,1282.5,0,573.3872193825562
1467,2024-03-26,Kwame,East,Monitor,5,800,0.0,4000.0,0,1333.6099874972715
1468,2024-07-03,James,South,Tablet,1,250,0.2,200.0,0,52.25842275553014
1469,2024-10-11,John,East,Tablet,2,120,0.05,228.0,0,87.01519868892333
1470,2024-08-07,John,West,Phone,7,450,0.15,2677.5,0,538.5490124279539
1471,2024-03-09,Zara,South,Laptop,2,45,0.1,81.0,50,21.49373427306228
1472,2024-02-16,Zara,West,Keyboard,5,25,0.1,112.5,10,28.584864575243518
1473,2024-04-03,John,East,Monitor,1,45,0.05,42.75,20,11.950425994757243
1474,2024-08-25,Lucy,West,Tablet,4,45,0.1,162.0,0,62.29449954013611
1475,2024-07-22,Zara,South,Laptop,3,800,0.1,2160.0,50,637.744124841888
1476,2024-08-05,Priya,North,Phone,1,25,0.0,25.0,0,9.70510837699472
1477,2024-12-06,Kwame,West,Headset,7,25,0.15,148.75,10,48.03831730261652
1478,2024-02-08,John,West,Tablet,2,250,0.15,425.0,0,107.36385291883832
1479,2024-04-09,Chen,South,Phone,7,250,0.0,1750.0,50,687.738840433823
1480,2024-10-15,Zara,South,Monitor,7,25,0.0,175.0,100,38.760207704037306
1481,2024-09-10,John,West,Keyboard,5,450,0.1,2025.0,50,440.06266022837576
1482,2024-08-09,James,East,Tablet,5,75,0.2,300.0,0,90.4052631649352
1483,2024-12-22,Amara,West,Tablet,3,250,0.1,675.0,10,154.07197230732302
1484,2024-01-23,Kwame,South,Monitor,5,75,0.0,375.0,100,57.27229143201183
1485,2024-09-06,John,North,Headset,5,800,0.15,3400.0,0,1171.2634778447778
1486,2024-01-10,Amara,North,Laptop,1,450,0.1,405.0,10,122.84789930889639
1487,2024-09-02,Zara,East,Keyboard,4,25,0.2,80.0,100,22.69242754783587
1488,2024-11-20,Amara,West,Tablet,3,450,0.1,1215.0,0,534.710023578376
1489,2024-04-09,Kwame,North,Keyboard,1,250,0.05,237.5,100,76.32294185735762
1490,2024-10-16,John,West,Tablet,4,45,0.1,162.0,50,66.26277468056409
1491,2024-06-28,James,South,Keyboard,7,800,0.0,5600.0,0,1074.276396824669
1492,2024-08-10,Lucy,North,Phone,1,25,0.15,21.25,0,6.816191202450102
1493,2024-09-06,Zara,East,Tablet,6,120,0.15,612.0,50,251.1610594677938
1494,2024-05-26,John,South,Keyboard,1,800,0.0,800.0,10,259.9453817471756
1495,2024-04-05,Kwame,East,Laptop,5,75,0.05,356.25,100,130.1752652873233
1496,2024-09-13,Zara,South,Phone,4,450,0.0,1800.0,50,470.90352661859197
1497,2024-11-20,Priya,North,Phone,3,25,0.1,67.5,0,11.997102720000598
1498,2024-01-04,Amara,East,Laptop,3,800,0.0,2400.0,0,689.6882124914914
1499,2024-01-16,Lucy,East,Keyboard,4,450,0.0,1800.0,0,483.018871052983
1500,2024-10-06,Kwame,South,Monitor,5,25,0.05,118.75,100,48.701518997250005
1501,2024-12-01,Priya,East,Laptop,2,250,0.1,450.0,50,100.43936581758375
1502,2024-09-03,Chen,South,Keyboard,1,800,0.2,640.0,0,281.61297168674076
1503,2024-09-14,John,South,Laptop,5,250,0.2,1000.0,0,437.44143594134886
1504,2024-06-08,James,South,Laptop,6,800,0.15,4080.0,10,915.1011311194411
1505,2024-12-05,Zara,South,Tablet,7,250,0.0,1750.0,10,445.22727662559333
1506,2024-05-31,Amara,North,Keyboard,4,450,0.15,1530.0,0,640.5600850611132
1507,2024-06-26,Zara,South,Monitor,1,120,0.05,114.0,0,50.158479954646886
1508,2024-06-11,Lucy,West,Tablet,3,800,0.2,1920.0,0,543.4209232335614
1509,2024-02-02,John,East,Laptop,7,800,0.0,5600.0,100,1379.2750366767084
1510,2024-06-27,Zara,West,Headset,2,250,0.05,475.0,20,146.21839688834476
1511,2024-04-10,Amara,North,Laptop,6,25,0.05,142.5,20,50.77713357213516
1512,2024-09-24,John,West,Laptop,3,800,0.0,2400.0,100,556.9016510699855
1513,2024-11-18,Zara,East,Keyboard,4,250,0.05,950.0,0,352.39485476643574
1514,2024-03-05,James,West,Keyboard,1,45,0.0,45.0,0,7.447374321047654
1515,2024-06-16,Kwame,North,Tablet,4,250,0.0,1000.0,0,164.78834782932495
1516,2024-11-25,John,South,Monitor,7,450,0.1,2835.0,10,753.7876932262863
1517,2024-02-12,Kwame,West,Tablet,1,120,0.15,102.0,0,26.116279677058053
1518,2024-02-13,Chen,North,Phone,5,45,0.05,213.75,50,52.302479935418646
1519,2024-10-11,John,North,Laptop,2,450,0.05,855.0,0,254.19656912457543
1520,2024-01-12,James,East,Headset,5,450,0.1,2025.0,100,498.5956512542795
1521,2024-04-04,Kwame,East,Laptop,5,450,0.1,2025.0,50,420.54668546936585
1522,2024-10-28,Priya,West,Laptop,4,25,0.1,90.0,20,21.855677825392227
1523,2024-09-09,Amara,South,Tablet,7,450,0.2,2520.0,50,1115.0276302445377
1524,2024-08-29,Priya,North,Headset,2,25,0.2,40.0,0,10.933361003938185
1525,2024-02-04,Zara,West,Headset,1,450,0.2,360.0,100,102.02897990070028
1526,2024-08-02,James,North,Headset,1,75,0.0,75.0,0,24.22226227390065
1527,2024-12-02,Priya,North,Tablet,6,45,0.05,256.5,50,114.14307212947475
1528,2024-03-30,John,South,Laptop,3,75,0.15,191.25,0,42.5493732355019
1529,2024-09-20,Zara,South,Tablet,6,450,0.0,2700.0,0,956.8385095312715
1530,2024-04-02,Zara,West,Keyboard,6,45,0.05,256.5,100,93.57002216803568
1531,2024-03-30,Priya,South,Keyboard,1,45,0.05,42.75,0,14.20143564537107
1532,2024-04-24,Chen,South,Tablet,4,800,0.1,2880.0,50,508.53168544606046
1533,2024-04-14,Priya,West,Headset,5,120,0.1,540.0,0,190.6533086840674
1534,2024-07-14,Chen,South,Laptop,7,75,0.0,525.0,10,88.84491698819764
1535,2024-11-09,James,East,Tablet,5,120,0.1,540.0,0,177.57510922708332
1536,2024-04-23,Amara,North,Tablet,5,45,0.05,213.75,0,79.48814298934425
1537,2024-03-15,Priya,North,Tablet,2,25,0.1,45.0,50,9.59809352336933
1538,2024-08-04,Lucy,North,Phone,1,45,0.2,36.0,20,14.489517681461962
1539,2024-10-03,Chen,North,Keyboard,7,120,0.1,756.0,50,120.28424309488537
1540,2024-09-05,Priya,West,Headset,4,75,0.05,285.0,0,114.89599984278517
1541,2024-06-12,Kwame,North,Monitor,2,450,0.0,900.0,0,259.2888436735466
1542,2024-12-22,John,North,Headset,3,800,0.15,2040.0,20,439.1638192381664
1543,2024-07-10,Lucy,North,Monitor,4,800,0.1,2880.0,50,547.5843172747883
1544,2024-08-14,Lucy,North,Phone,6,800,0.05,4560.0,100,1988.124205252686
1545,2024-06-25,Chen,East,Tablet,4,450,0.15,1530.0,50,262.8535046997509
1546,2024-04-08,Kwame,North,Phone,4,800,0.15,2720.0,0,570.4602306677153
1547,2024-02-05,Kwame,East,Phone,5,75,0.2,300.0,0,76.30401126897414
1548,2024-04-05,Zara,West,Laptop,4,450,0.15,1530.0,10,514.1877956731544
1549,2024-05-31,Chen,South,Keyboard,6,800,0.05,4560.0,50,1429.2878846577025
1550,2024-05-30,Amara,North,Monitor,6,450,0.05,2565.0,0,481.4326674112756
1551,2024-07-08,John,South,Tablet,1,120,0.1,108.0,100,25.587186673118154
1552,2024-08-11,James,South,Monitor,4,75,0.1,270.0,0,59.83889345796795
1553,2024-02-06,Lucy,West,Headset,5,250,0.1,1125.0,20,240.82071339049023
1554,2024-09-24,James,South,Monitor,4,25,0.15,85.0,0,23.23418058023967
1555,2024-07-01,Priya,East,Headset,3,800,0.15,2040.0,20,736.8672489860941
1556,2024-01-13,Priya,South,Keyboard,3,25,0.2,60.0,100,12.914152779910246
1557,2024-10-05,James,South,Headset,5,450,0.1,2025.0,50,526.5074194195613
1558,2024-08-04,Priya,South,Monitor,1,25,0.0,25.0,10,6.681880701308717
1559,2024-12-20,Amara,North,Monitor,1,75,0.2,60.0,0,26.576217529837386
1560,2024-12-26,Kwame,North,Headset,6,75,0.0,450.0,0,196.37995817867431
1561,2024-10-12,Priya,East,Phone,6,45,0.15,229.5,0,89.51447257248043
1562,2024-09-29,Zara,East,Keyboard,2,800,0.2,1280.0,50,284.7970255945671
1563,2024-03-02,Priya,North,Laptop,5,45,0.2,180.0,20,30.67401496095016
1564,2024-03-24,John,East,Tablet,4,25,0.05,95.0,100,23.281767925037805
1565,2024-08-04,Amara,North,Monitor,7,250,0.15,1487.5,0,342.182067684847
1566,2024-12-07,John,West,Tablet,5,45,0.15,191.25,0,57.71499278339936
1567,2024-07-05,John,South,Laptop,2,45,0.2,72.0,0,27.59892285746433
1568,2024-01-19,Zara,South,Tablet,6,75,0.15,382.5,50,155.86755723634894
1569,2024-06-25,Amara,East,Laptop,5,250,0.2,1000.0,100,403.45922562315263
1570,2024-04-09,Amara,North,Headset,5,450,0.05,2137.5,10,551.2669536342922
1571,2024-08-20,Chen,North,Phone,6,25,0.2,120.0,100,42.74043636458459
1572,2024-03-16,Amara,East,Monitor,2,45,0.15,76.5,0,18.65454483318085
1573,2024-09-21,Amara,North,Laptop,6,250,0.15,1275.0,0,214.5463702874574
1574,2024-10-10,Amara,West,Tablet,1,800,0.2,640.0,0,230.70053099576495
1575,2024-07-24,Zara,South,Monitor,4,250,0.2,800.0,0,122.35861261674907
1576,2024-08-10,Priya,East,Phone,6,25,0.2,120.0,20,32.73057314850559
1577,2024-02-21,Chen,East,Headset,2,250,0.1,450.0,0,111.96620135578023
1578,2024-12-04,John,North,Monitor,3,250,0.15,637.5,0,228.23345424173053
1579,2024-05-23,Amara,East,Laptop,1,250,0.15,212.5,100,80.72314888847416
1580,2024-03-09,Lucy,West,Phone,3,800,0.1,2160.0,10,521.053324109392
1581,2024-04-08,Priya,North,Tablet,7,45,0.2,252.0,20,99.15900229203092
1582,2024-01-25,Priya,North,Phone,6,25,0.05,142.5,0,33.939941511585914
1583,2024-02-22,John,North,Phone,1,800,0.2,640.0,0,181.69466111741974
1584,2024-05-30,Zara,North,Keyboard,4,250,0.2,800.0,100,294.48444648339216
1585,2024-05-23,James,West,Phone,6,250,0.1,1350.0,0,483.13269283603944
1586,2024-02-26,James,North,Phone,4,45,0.15,153.0,0,68.27021287912999
1587,2024-02-08,Priya,East,Monitor,5,25,0.2,100.0,20,21.75483072647796
1588,2024-04-18,Kwame,West,Tablet,3,75,0.15,191.25,0,66.68799028933354
1589,2024-06-29,Kwame,South,Monitor,1,800,0.0,800.0,10,266.3236579861866
1590,2024-02-11,John,South,Monitor,4,45,0.15,153.0,100,64.95301906109238
1591,2024-07-04,James,East,Laptop,2,25,0.05,47.5,50,9.35316051843947
1592,2024-08-10,Priya,East,Monitor,4,800,0.05,3040.0,0,1141.639925191283
1593,2024-05-01,Zara,West,Keyboard,2,250,0.2,400.0,10,128.19223395225222
1594,2024-05-12,James,South,Keyboard,6,25,0.15,127.5,50,29.63096951938738
1595,2024-06-11,Priya,South,Laptop,1,25,0.2,20.0,100,5.846609484883045
1596,2024-08-02,Priya,South,Headset,4,450,0.1,1620.0,20,405.2154261759217
1597,2024-08-08,Amara,South,Tablet,7,25,0.05,166.25,20,53.83075596407449
1598,2024-08-22,Zara,South,Tablet,4,75,0.2,240.0,100,100.00804397865596
1599,2024-11-26,Amara,North,Monitor,7,25,0.1,157.5,100,50.52466051347655
1600,2024-05-25,John,East,Monitor,1,75,0.2,60.0,0,20.371003529878514
1601,2024-08-26,Amara,North,Headset,4,250,0.15,850.0,10,259.78070101425095
1602,2024-03-16,Lucy,South,Monitor,2,75,0.15,127.5,10,21.08208062153945
1603,2024-01-09,Amara,West,Tablet,4,800,0.15,2720.0,100,598.012582410893
1604,2024-03-14,Lucy,West,Phone,3,250,0.15,637.5,0,189.72033075388583
1605,2024-09-09,James,South,Keyboard,6,250,0.0,1500.0,0,364.6058776851172
1606,2024-08-17,Kwame,South,Phone,5,75,0.1,337.5,50,69.02856427332091
1607,2024-01-07,Chen,West,Phone,2,45,0.1,81.0,50,24.400428058618054
1608,2024-06-22,Chen,North,Tablet,3,120,0.15,306.0,0,75.53393903851266
1609,2024-05-20,Priya,North,Phone,7,25,0.0,175.0,100,39.80065126660428
1610,2024-06-16,Chen,South,Headset,6,450,0.15,2295.0,100,663.7039599077023
1611,2024-06-18,Lucy,North,Laptop,1,120,0.0,120.0,50,22.798233290958233
1612,2024-10-09,Zara,West,Monitor,2,25,0.15,42.5,0,18.203758096711443
1613,2024-05-01,Amara,North,Laptop,5,25,0.05,118.75,100,48.7243872383729
1614,2024-07-12,Lucy,South,Keyboard,6,250,0.05,1425.0,0,516.2578004040788
1615,2024-01-05,Zara,West,Monitor,7,25,0.2,140.0,10,25.46098075871516
1616,2024-01-29,Kwame,North,Phone,5,450,0.15,1912.5,100,732.0345747519865
1617,2024-06-13,Chen,East,Keyboard,1,25,0.1,22.5,100,8.828711964735879
1618,2024-12-04,Kwame,West,Monitor,1,75,0.2,60.0,0,22.81976311885808
1619,2024-05-15,Chen,West,Headset,7,120,0.05,798.0,50,146.98343337634634
1620,2024-12-30,Amara,East,Headset,2,75,0.15,127.5,100,43.754479357842
1621,2024-11-16,John,East,Headset,7,450,0.2,2520.0,20,1008.7495455865454
1622,2024-12-07,Amara,West,Headset,4,25,0.15,85.0,0,27.47251173110153
1623,2024-05-24,James,East,Phone,1,800,0.05,760.0,0,261.38088155200427
1624,2024-11-22,Lucy,South,Laptop,6,450,0.2,2160.0,20,621.0195346682465
1625,2024-08-04,Priya,South,Monitor,4,250,0.05,950.0,50,293.181586166955
1626,2024-10-27,John,South,Phone,3,75,0.0,225.0,10,36.07043793874145
1627,2024-05-11,Amara,West,Headset,5,75,0.05,356.25,0,121.72667297339478
1628,2024-10-18,Zara,East,Laptop,4,45,0.15,153.0,20,26.688427071704208
1629,2024-03-10,John,East,Keyboard,5,25,0.1,112.5,0,31.556742558982542
1630,2024-09-08,Lucy,North,Keyboard,7,250,0.05,1662.5,0,395.33672996161965
1631,2024-10-01,Chen,North,Keyboard,4,800,0.1,2880.0,50,903.2497489829202
1632,2024-12-29,John,East,Headset,7,75,0.0,525.0,100,99.76307284490511
1633,2024-06-30,Chen,East,Keyboard,3,75,0.2,180.0,10,64.34874370655919
1634,2024-06-15,Lucy,East,Tablet,1,250,0.2,200.0,50,77.70069221570823
1635,2024-03-31,Amara,West,Monitor,3,450,0.1,1215.0,0,241.79269693138053
1636,2024-07-20,Lucy,East,Monitor,1,450,0.2,360.0,20,65.26581343400328
1637,2024-12-11,John,North,Headset,7,25,0.05,166.25,0,32.19508470401954
1638,2024-01-19,Zara,West,Tablet,1,45,0.1,40.5,0,16.7320998770668
1639,2024-02-08,Kwame,East,Phone,5,75,0.15,318.75,50,98.32059815545158
1640,2024-05-05,John,North,Phone,6,45,0.05,256.5,100,74.43073364277733
1641,2024-06-21,Lucy,West,Keyboard,3,450,0.05,1282.5,20,233.4323723996308
1642,2024-05-20,Kwame,East,Laptop,4,450,0.05,1710.0,100,589.7222314663214
1643,2024-08-29,Lucy,East,Phone,3,120,0.15,306.0,100,125.58236253596927
1644,2024-08-07,Zara,East,Laptop,5,800,0.0,4000.0,20,1593.8230431881436
1645,2024-05-05,Lucy,West,Monitor,1,25,0.2,20.0,0,6.756328253884808
1646,2024-02-27,Amara,North,Laptop,5,120,0.1,540.0,50,93.19515209757112
1647,2024-05-27,Priya,North,Monitor,2,800,0.0,1600.0,50,293.95057304448625
1648,2024-11-12,Chen,South,Tablet,2,120,0.1,216.0,0,35.59522236471663
1649,2024-12-26,Chen,East,Tablet,4,120,0.2,384.0,50,87.26160573993246
1650,2024-01-01,John,South,Headset,5,25,0.15,106.25,0,20.26170926573704
1651,2024-12-13,Priya,South,Headset,7,25,0.05,166.25,0,37.907396007590144
1652,2024-07-08,Lucy,North,Keyboard,4,250,0.05,950.0,20,252.2415458799041
1653,2024-07-09,Zara,West,Phone,7,45,0.15,267.75,50,115.90759213051399
1654,2024-11-07,John,West,Keyboard,4,45,0.0,180.0,0,59.96030722821138
1655,2024-04-26,Lucy,North,Monitor,2,250,0.0,500.0,50,200.24606785244436
1656,2024-05-13,Kwame,West,Keyboard,4,250,0.1,900.0,20,326.7949051923297
1657,2024-02-27,James,South,Laptop,2,450,0.15,765.0,10,140.56946845586197
1658,2024-02-13,Lucy,East,Monitor,1,800,0.0,800.0,20,296.62089752974777
1659,2024-06-21,Priya,North,Headset,7,120,0.15,714.0,20,166.02618042996446
1660,2024-06-08,John,East,Tablet,5,250,0.2,1000.0,20,341.732354098412
1661,2024-06-21,Priya,West,Headset,4,75,0.05,285.0,50,71.90224874647552
1662,2024-11-12,John,East,Phone,2,45,0.05,85.5,0,38.41529355273851
1663,2024-10-29,Lucy,West,Monitor,3,250,0.05,712.5,20,163.20912874243626
1664,2024-05-28,Amara,West,Monitor,7,75,0.15,446.25,0,104.30609177490535
1665,2024-03-20,Kwame,South,Laptop,4,75,0.15,255.0,0,109.44642755052348
1666,2024-07-31,Lucy,West,Phone,6,75,0.1,405.0,0,63.7442951633132
1667,2024-07-21,Chen,South,Tablet,1,450,0.05,427.5,0,153.4753626947375
1668,2024-09-08,Priya,South,Monitor,1,450,0.1,405.0,0,148.8771564744092
1669,2024-08-16,James,South,Monitor,3,75,0.05,213.75,0,85.69527627644186
1670,2024-06-12,James,North,Laptop,2,800,0.1,1440.0,100,636.9577821958213
1671,2024-08-14,Zara,North,Keyboard,4,450,0.1,1620.0,0,717.1425327101331
1672,2024-05-26,John,West,Tablet,7,120,0.2,672.0,10,113.95979432539913
1673,2024-01-20,Priya,South,Headset,2,75,0.1,135.0,20,53.53449257149256
1674,2024-02-16,Zara,North,Phone,1,120,0.15,102.0,100,35.07708396991587
1675,2024-08-20,Priya,South,Monitor,2,120,0.1,216.0,0,74.34777030737631
1676,2024-10-31,Chen,East,Monitor,1,75,0.05,71.25,50,13.4309796813891
1677,2024-01-14,John,East,Headset,2,45,0.1,81.0,50,27.94954814462938
1678,2024-05-22,Lucy,East,Tablet,3,800,0.0,2400.0,0,1067.3874580328986
1679,2024-01-01,Lucy,West,Keyboard,5,75,0.05,356.25,100,150.8881096195284
1680,2024-02-23,James,South,Monitor,3,75,0.0,225.0,0,63.39131960432742
1681,2024-09-15,Lucy,East,Tablet,3,450,0.05,1282.5,20,207.74498272182478
1682,2024-05-23,Lucy,North,Headset,5,75,0.15,318.75,20,82.45681498126957
1683,2024-01-12,Chen,East,Laptop,5,45,0.15,191.25,10,76.10164412808186
1684,2024-11-25,Amara,East,Keyboard,4,450,0.15,1530.0,0,551.4880875725113
1685,2024-08-11,James,East,Phone,7,25,0.0,175.0,0,50.365541918682716
1686,2024-09-28,Zara,West,Monitor,7,25,0.2,140.0,20,23.314264476670907
1687,2024-12-23,Kwame,North,Tablet,4,120,0.05,456.0,0,126.7991987662278
1688,2024-06-04,Amara,South,Laptop,3,800,0.15,2040.0,20,593.0432631073448
1689,2024-01-08,Zara,North,Phone,3,120,0.05,342.0,0,146.56979767493837
1690,2024-05-01,John,South,Tablet,1,45,0.0,45.0,0,15.404662398359154
1691,2024-12-13,Amara,West,Tablet,1,250,0.2,200.0,0,48.69917499927894
1692,2024-06-12,Chen,West,Phone,7,800,0.0,5600.0,0,1722.5346842772121
1693,2024-03-30,Zara,West,Laptop,4,25,0.05,95.0,0,16.132576272931562
1694,2024-05-15,John,West,Headset,6,120,0.2,576.0,10,254.45979112027453
1695,2024-07-04,James,South,Laptop,6,25,0.2,120.0,50,30.96215646950614
1696,2024-11-11,Kwame,East,Keyboard,4,45,0.0,180.0,50,52.804837165309344
1697,2024-06-26,John,South,Monitor,1,45,0.15,38.25,50,9.814383604368688
1698,2024-01-28,Lucy,North,Phone,7,250,0.05,1662.5,0,589.7777253954549
1699,2024-08-07,Priya,West,Headset,7,250,0.1,1575.0,100,549.1546948107328
1700,2024-12-22,John,West,Phone,1,450,0.1,405.0,20,147.66166072929
1701,2024-02-10,John,North,Phone,6,800,0.0,4800.0,50,1106.126250641166
1702,2024-08-15,Kwame,South,Laptop,2,45,0.05,85.5,0,20.921896541858292
1703,2024-07-10,Priya,East,Monitor,2,120,0.05,228.0,50,42.76718420698062
1704,2024-05-24,Lucy,East,Keyboard,1,25,0.0,25.0,0,8.666324788845845
1705,2024-07-19,Zara,North,Tablet,2,75,0.05,142.5,0,23.076327193599145
1706,2024-07-30,Zara,East,Tablet,5,250,0.15,1062.5,100,349.8862444481026
1707,2024-08-07,John,South,Phone,4,75,0.0,300.0,0,123.27262963664705
1708,2024-08-27,Chen,South,Monitor,4,120,0.15,408.0,100,170.23785495065115
1709,2024-02-15,Chen,North,Headset,1,250,0.05,237.5,0,67.61894042635977
1710,2024-02-04,Priya,South,Laptop,3,75,0.0,225.0,0,64.75299895438248
1711,2024-09-09,Priya,West,Monitor,6,800,0.05,4560.0,10,789.2938423549678
1712,2024-03-22,Lucy,North,Monitor,1,120,0.0,120.0,10,42.147540915949286
1713,2024-09-12,Kwame,South,Laptop,2,25,0.05,47.5,20,18.82794674031305
1714,2024-07-15,James,North,Phone,6,800,0.15,4080.0,0,911.4577868361688
1715,2024-10-29,Zara,East,Monitor,3,120,0.15,306.0,0,84.57542093394288
1716,2024-01-10,Kwame,South,Tablet,2,450,0.05,855.0,0,343.41228988029184
1717,2024-11-07,Amara,West,Laptop,7,250,0.0,1750.0,0,722.9882455227012
1718,2024-10-12,Zara,South,Headset,5,45,0.1,202.5,0,45.14818380105173
1719,2024-08-29,Kwame,North,Keyboard,2,25,0.15,42.5,10,13.394775590402393
1720,2024-09-07,Zara,North,Phone,5,800,0.15,3400.0,0,706.3430136485437
1721,2024-12-30,James,South,Laptop,6,800,0.1,4320.0,0,780.0348783248653
1722,2024-01-05,Amara,West,Keyboard,5,75,0.05,356.25,100,150.81350358626548
1723,2024-04-28,Chen,West,Keyboard,6,250,0.0,1500.0,10,594.2283769044492
1724,2024-10-15,Chen,West,Headset,6,45,0.05,256.5,10,96.95968569375422
1725,2024-03-05,James,North,Monitor,6,120,0.2,576.0,50,94.82681989091066
1726,2024-05-25,Lucy,South,Headset,6,45,0.15,229.5,50,92.51572737810122
1727,2024-08-11,Amara,East,Monitor,6,250,0.2,1200.0,0,337.6958673259382
1728,2024-08-26,John,North,Monitor,2,250,0.15,425.0,100,107.4053782202221
1729,2024-06-25,Kwame,West,Laptop,6,450,0.15,2295.0,0,720.4989745659717
1730,2024-09-23,Amara,South,Laptop,2,450,0.2,720.0,0,127.73230042828806
1731,2024-12-06,Lucy,West,Phone,6,45,0.2,216.0,0,81.43069639803545
1732,2024-10-08,Lucy,East,Monitor,5,120,0.05,570.0,20,185.09639814789858
1733,2024-03-03,James,West,Keyboard,7,45,0.2,252.0,0,51.906211323611466
1734,2024-08-04,Zara,West,Tablet,6,250,0.05,1425.0,50,294.21926540126697
1735,2024-12-07,Amara,East,Phone,3,250,0.05,712.5,20,146.25814927365911
1736,2024-11-10,Kwame,South,Laptop,6,75,0.05,427.5,0,71.43555620353554
1737,2024-10-09,Amara,North,Headset,6,450,0.15,2295.0,20,748.9492323924051
1738,2024-06-25,Priya,South,Phone,5,75,0.15,318.75,0,128.17079448190108
1739,2024-04-07,Zara,East,Phone,4,25,0.2,80.0,100,12.419957135697326
1740,2024-04-14,Kwame,West,Phone,5,250,0.15,1062.5,20,174.99523058459346
1741,2024-04-08,Chen,South,Phone,3,75,0.2,180.0,0,57.929594941095075
1742,2024-11-06,Kwame,North,Tablet,4,45,0.15,153.0,0,60.56485195921981
1743,2024-01-06,John,East,Headset,1,450,0.0,450.0,100,111.60975022676554
1744,2024-07-15,James,South,Headset,1,450,0.0,450.0,0,114.6979438390425
1745,2024-12-16,John,North,Headset,3,120,0.2,288.0,100,94.72433738372143
1746,2024-05-12,Kwame,East,Monitor,5,45,0.15,191.25,50,44.42046451349793
1747,2024-12-23,Zara,North,Keyboard,2,120,0.15,204.0,0,32.22843200395427
1748,2024-09-15,Amara,East,Headset,3,75,0.05,213.75,50,79.20902872326485
1749,2024-01-23,Chen,West,Phone,7,800,0.1,5040.0,0,1701.9826683674773
1750,2024-02-22,Amara,South,Phone,4,25,0.2,80.0,0,25.93814397733582
1751,2024-06-13,Zara,North,Headset,4,45,0.1,162.0,0,60.3458486690026
1752,2024-07-20,Kwame,East,Headset,6,45,0.1,243.0,10,85.67432805827254
1753,2024-03-23,Lucy,North,Phone,1,45,0.2,36.0,0,7.623525472325869
1754,2024-05-24,Amara,North,Monitor,4,120,0.15,408.0,100,104.34368014586619
1755,2024-03-25,Lucy,South,Laptop,3,75,0.2,180.0,0,33.80994765064575
1756,2024-03-18,Amara,West,Laptop,4,45,0.1,162.0,0,30.611050852109017
1757,2024-12-31,Amara,North,Headset,3,800,0.15,2040.0,100,719.8317967702021
1758,2024-01-01,Chen,East,Tablet,2,45,0.0,90.0,50,36.68220288852745
1759,2024-02-20,James,East,Headset,6,450,0.2,2160.0,50,947.850714342018
1760,2024-06-21,James,West,Headset,1,25,0.2,20.0,0,6.770082705296668
1761,2024-07-23,Priya,East,Laptop,4,450,0.15,1530.0,0,314.0025074226793
1762,2024-09-16,John,West,Phone,3,450,0.0,1350.0,10,245.28838990681695
1763,2024-10-14,Zara,East,Headset,5,25,0.0,125.0,50,49.23191143262842
1764,2024-02-03,Zara,South,Phone,1,800,0.15,680.0,0,220.06632117743987
1765,2024-12-13,Zara,North,Phone,2,75,0.05,142.5,10,47.80668464833653
1766,2024-04-04,Priya,South,Tablet,3,450,0.2,1080.0,0,415.1937167565258
1767,2024-03-12,James,North,Phone,7,75,0.2,420.0,0,151.61293069428893
1768,2024-02-08,Kwame,North,Laptop,7,450,0.1,2835.0,20,1134.9567440541102
1769,2024-06-02,Lucy,North,Monitor,6,250,0.15,1275.0,20,212.75181883840352
1770,2024-09-06,Chen,South,Monitor,6,25,0.1,135.0,0,50.524585788233445
1771,2024-06-10,Lucy,North,Keyboard,2,450,0.1,810.0,50,328.2572200292692
1772,2024-04-27,Kwame,South,Headset,2,250,0.0,500.0,0,117.92025636874715
1773,2024-09-15,Chen,West,Laptop,6,120,0.2,576.0,0,197.0692889460341
1774,2024-11-01,Priya,East,Phone,4,250,0.1,900.0,100,219.82375723598247
1775,2024-09-24,Kwame,East,Monitor,4,45,0.0,180.0,10,78.73043759005252
1776,2024-02-23,Zara,North,Laptop,3,450,0.15,1147.5,0,183.63106481092217
1777,2024-08-23,John,South,Monitor,5,250,0.1,1125.0,0,364.43008479362237
1778,2024-08-09,Amara,East,Phone,3,75,0.2,180.0,0,35.99119154067382
1779,2024-09-07,Lucy,South,Monitor,5,120,0.1,540.0,50,196.37967323869972
1780,2024-11-08,James,South,Headset,2,800,0.15,1360.0,10,275.7632356348141
1781,2024-04-21,James,North,Headset,1,450,0.1,405.0,0,89.34906632065045
1782,2024-09-11,Priya,East,Keyboard,3,45,0.2,108.0,50,32.21761427788256
1783,2024-10-29,Chen,North,Keyboard,3,800,0.0,2400.0,0,1018.6811639977523
1784,2024-07-25,James,North,Monitor,5,250,0.2,1000.0,50,213.51431164439128
1785,2024-08-16,Zara,East,Laptop,2,800,0.0,1600.0,0,309.2352101366897
1786,2024-12-06,Lucy,East,Headset,2,800,0.05,1520.0,0,574.093435325438
1787,2024-03-06,Kwame,West,Laptop,7,120,0.2,672.0,100,201.72489771852048
1788,2024-03-15,Zara,West,Laptop,5,800,0.2,3200.0,100,1355.3137078865007
1789,2024-04-12,Priya,South,Monitor,2,800,0.15,1360.0,0,263.8187393212157
1790,2024-07-10,Zara,East,Laptop,6,450,0.1,2430.0,50,835.3814340137958
1791,2024-09-08,Kwame,West,Headset,4,120,0.0,480.0,100,105.53459704586137
1792,2024-08-13,John,South,Phone,7,45,0.0,315.0,0,62.06386050757992
1793,2024-10-20,Priya,South,Keyboard,6,250,0.15,1275.0,100,452.66175129765605
1794,2024-11-01,John,South,Phone,1,120,0.15,102.0,10,33.466749369207236
1795,2024-04-07,Amara,West,Laptop,3,120,0.1,324.0,0,121.9692289528186
1796,2024-12-03,John,East,Phone,7,25,0.1,157.5,50,38.24710673708211
1797,2024-10-12,Amara,North,Headset,1,120,0.2,96.0,50,27.301583703807076
1798,2024-11-30,Amara,South,Headset,3,25,0.05,71.25,20,19.3544570815627
1799,2024-12-12,John,West,Laptop,4,250,0.1,900.0,50,400.7041552709589
1800,2024-11-03,Priya,West,Monitor,2,800,0.15,1360.0,0,323.2375743496703
1801,2024-09-05,Chen,North,Phone,6,450,0.1,2430.0,10,579.421766754793
1802,2024-06-14,Kwame,North,Monitor,5,450,0.0,2250.0,50,576.8200409593101
1803,2024-11-30,Zara,West,Monitor,6,250,0.05,1425.0,20,455.1139697516125
1804,2024-01-30,Zara,East,Tablet,4,250,0.2,800.0,0,180.55745862329886
1805,2024-09-03,Kwame,North,Laptop,1,75,0.0,75.0,0,31.844023658533665
1806,2024-04-15,Lucy,West,Keyboard,5,800,0.0,4000.0,0,918.8226778395162
1807,2024-02-20,Lucy,North,Headset,2,250,0.05,475.0,0,198.90374174732779
1808,2024-03-21,Amara,East,Headset,4,120,0.2,384.0,0,69.52032733208655
1809,2024-05-12,Amara,South,Laptop,5,450,0.15,1912.5,100,663.5778505018005
1810,2024-10-11,Priya,North,Keyboard,4,45,0.2,144.0,50,60.78177439653213
1811,2024-05-17,James,East,Headset,4,450,0.1,1620.0,0,325.01222706153953
1812,2024-07-02,John,West,Laptop,2,25,0.0,50.0,100,22.024904401488826
1813,2024-11-25,Amara,North,Headset,7,450,0.1,2835.0,0,810.4272980333928
1814,2024-09-29,Zara,North,Monitor,3,75,0.15,191.25,0,82.9479043468038
1815,2024-12-05,Priya,West,Phone,5,800,0.1,3600.0,50,1270.9656471204507
1816,2024-03-09,John,South,Phone,2,250,0.2,400.0,50,96.19042438482619
1817,2024-02-03,Priya,West,Headset,4,800,0.1,2880.0,100,594.69338152838
1818,2024-09-18,John,North,Tablet,2,250,0.15,425.0,0,102.47621839370017
1819,2024-02-22,John,West,Keyboard,7,450,0.15,2677.5,100,476.34123399024367
1820,2024-07-23,Kwame,East,Keyboard,3,45,0.15,114.75,50,22.16515474136913
1821,2024-05-05,Amara,West,Keyboard,6,45,0.2,216.0,50,39.181996534451976
1822,2024-08-22,Chen,North,Monitor,5,75,0.15,318.75,0,88.25647637028646
1823,2024-02-12,Priya,West,Keyboard,3,25,0.0,75.0,100,29.150513465795694
1824,2024-08-27,Chen,South,Phone,1,450,0.15,382.5,0,73.59876284632504
1825,2024-04-20,Priya,West,Monitor,5,250,0.1,1125.0,0,212.73314619566338
1826,2024-09-05,Kwame,South,Laptop,3,450,0.1,1215.0,10,416.77985209906706
1827,2024-05-30,Zara,East,Keyboard,4,75,0.1,270.0,0,56.47182153941337
1828,2024-07-01,Chen,South,Keyboard,5,120,0.2,480.0,0,86.0558454876948
1829,2024-12-01,Zara,West,Laptop,5,120,0.1,540.0,0,108.02946966930358
1830,2024-04-04,Lucy,North,Keyboard,2,75,0.2,120.0,20,51.25433025156394
1831,2024-01-08,Amara,South,Laptop,4,250,0.2,800.0,0,317.1531006662858
1832,2024-12-25,Amara,East,Monitor,1,800,0.15,680.0,10,174.22917072043919
1833,2024-07-02,James,South,Phone,6,75,0.0,450.0,20,156.03580358919805
1834,2024-10-07,Kwame,South,Laptop,7,250,0.15,1487.5,20,462.884269374362
1835,2024-07-13,Zara,South,Tablet,3,45,0.15,114.75,50,40.52250277038727
1836,2024-12-17,John,East,Laptop,2,75,0.2,120.0,20,42.57616148865934
1837,2024-07-13,Priya,West,Keyboard,3,250,0.2,600.0,0,203.17212271079873
1838,2024-06-03,Amara,South,Monitor,1,75,0.1,67.5,0,15.513552712880498
1839,2024-04-02,Chen,South,Headset,1,75,0.1,67.5,0,10.914880020447066
1840,2024-06-08,Priya,North,Monitor,5,800,0.15,3400.0,0,974.6781176299111
1841,2024-03-01,Priya,East,Headset,7,800,0.05,5320.0,20,2219.9943199663635
1842,2024-05-01,James,South,Laptop,1,250,0.05,237.5,20,76.20167966944854
1843,2024-02-20,Zara,East,Phone,3,250,0.1,675.0,10,269.8091859446364
1844,2024-10-03,Amara,South,Tablet,4,25,0.05,95.0,0,42.51129377439501
1845,2024-01-05,Priya,West,Monitor,4,75,0.1,270.0,20,53.75291253520038
1846,2024-04-01,Amara,West,Keyboard,5,120,0.2,480.0,50,171.61598003644548
1847,2024-06-18,John,South,Headset,6,75,0.15,382.5,0,134.75018758207784
1848,2024-11-12,James,West,Keyboard,3,75,0.0,225.0,10,99.8969926966838
1849,2024-01-22,John,South,Phone,3,250,0.15,637.5,0,284.1211403684731
1850,2024-11-21,Amara,West,Headset,1,75,0.1,67.5,10,24.030241887413624
1851,2024-01-01,Lucy,North,Monitor,7,450,0.1,2835.0,0,632.4443805808562
1852,2024-05-12,Chen,North,Laptop,3,75,0.15,191.25,0,74.50464121274312
1853,2024-08-20,Amara,North,Keyboard,2,450,0.1,810.0,0,147.50807961328226
1854,2024-01-12,Zara,East,Phone,6,800,0.05,4560.0,0,1751.9966481067881
1855,2024-12-11,Priya,East,Monitor,1,120,0.05,114.0,0,48.228707445748626
1856,2024-02-15,Priya,North,Monitor,2,250,0.1,450.0,100,119.18250829373876
1857,2024-02-03,John,East,Monitor,5,75,0.1,337.5,100,114.47682361703691
1858,2024-03-18,Chen,West,Monitor,4,450,0.05,1710.0,10,477.16322156567185
1859,2024-08-05,James,South,Headset,5,450,0.1,2025.0,20,569.6922709052881
1860,2024-10-27,Lucy,South,Monitor,4,800,0.1,2880.0,100,700.1604481894158
1861,2024-03-13,Kwame,South,Keyboard,5,450,0.15,1912.5,10,724.1468697333738
1862,2024-10-08,Chen,North,Phone,3,45,0.0,135.0,100,58.16515084874347
1863,2024-09-05,Priya,East,Headset,2,25,0.05,47.5,0,20.530699744091073
1864,2024-02-16,Zara,West,Monitor,4,120,0.15,408.0,50,82.5932292686919
1865,2024-04-30,Chen,West,Tablet,1,800,0.0,800.0,20,329.93847591757583
1866,2024-08-01,John,North,Tablet,2,800,0.1,1440.0,10,534.5703826965168
1867,2024-08-26,John,West,Phone,1,75,0.1,67.5,50,15.244957363978358
1868,2024-02-25,Kwame,West,Laptop,2,45,0.15,76.5,50,13.01918186654876
1869,2024-12-15,Zara,West,Laptop,2,75,0.1,135.0,100,31.10388930881731
1870,2024-04-16,James,West,Headset,5,75,0.2,300.0,0,127.09874131033733
1871,2024-11-14,Chen,East,Headset,4,250,0.15,850.0,0,288.960562098422
1872,2024-02-17,Zara,West,Headset,4,250,0.0,1000.0,0,366.31639826936157
1873,2024-03-01,James,South,Laptop,7,250,0.15,1487.5,0,337.87923668243405
1874,2024-12-02,Zara,North,Tablet,2,45,0.05,85.5,20,31.277306190494144
1875,2024-01-26,Zara,East,Laptop,3,75,0.15,191.25,0,30.300971422695877
1876,2024-10-18,Amara,West,Keyboard,3,25,0.1,67.5,20,17.725257251903532
1877,2024-09-13,John,East,Monitor,1,120,0.1,108.0,10,36.50680849277153
1878,2024-01-08,Chen,West,Headset,1,250,0.2,200.0,50,38.76579393247921
1879,2024-04-22,Zara,South,Tablet,5,250,0.2,1000.0,50,396.9010723340804
1880,2024-12-20,Chen,North,Phone,2,800,0.2,1280.0,0,282.2520187437767
1881,2024-09-09,Kwame,West,Phone,1,75,0.0,75.0,10,25.92632503841504
1882,2024-06-28,Zara,West,Monitor,1,75,0.2,60.0,0,16.293548566355934
1883,2024-07-25,Priya,West,Tablet,6,45,0.0,270.0,50,88.77953123368943
1884,2024-10-29,John,West,Laptop,2,45,0.2,72.0,100,13.120931936784416
1885,2024-05-06,Priya,North,Laptop,5,250,0.0,1250.0,20,193.84229997060274
1886,2024-02-25,Chen,North,Keyboard,1,75,0.15,63.75,0,26.957919673648263
1887,2024-08-01,Chen,South,Keyboard,5,25,0.15,106.25,50,24.53195652945395
1888,2024-01-14,John,North,Laptop,4,120,0.1,432.0,0,171.03013956034752
1889,2024-01-28,Chen,West,Phone,5,75,0.0,375.0,0,168.67690880312256
1890,2024-03-18,Priya,South,Headset,3,800,0.05,2280.0,50,486.61898047125527
1891,2024-08-03,Zara,South,Phone,3,75,0.1,202.5,20,46.484122526888854
1892,2024-12-30,Zara,South,Keyboard,5,450,0.15,1912.5,0,667.1908031553895
1893,2024-06-02,Amara,West,Monitor,3,45,0.0,135.0,100,59.35066970132516
1894,2024-01-14,Kwame,East,Laptop,4,800,0.2,2560.0,100,1087.3454194104916
1895,2024-07-05,Chen,West,Keyboard,2,120,0.05,228.0,0,68.59668557248601
1896,2024-11-07,Priya,North,Keyboard,3,250,0.15,637.5,20,247.6898415332361
1897,2024-01-07,Chen,North,Headset,3,800,0.1,2160.0,100,411.9633128087359
1898,2024-01-03,Chen,West,Laptop,5,75,0.0,375.0,100,166.21179572295142
1899,2024-04-20,James,West,Headset,4,250,0.05,950.0,10,417.34067170025617
1900,2024-08-25,Amara,South,Laptop,7,75,0.0,525.0,0,104.53731086596943
1901,2024-12-28,Priya,West,Headset,7,250,0.2,1400.0,0,335.7577124173048
1902,2024-08-26,Priya,South,Phone,7,120,0.1,756.0,0,136.11515343453476
1903,2024-09-30,Chen,North,Monitor,7,45,0.0,315.0,100,72.92731309587798
1904,2024-10-20,Amara,South,Monitor,2,120,0.15,204.0,10,80.53649431221065
1905,2024-08-14,Zara,West,Laptop,5,450,0.1,2025.0,20,533.5767313528951
1906,2024-01-15,Priya,North,Tablet,5,25,0.15,106.25,100,18.755153327802923
1907,2024-07-10,Zara,East,Keyboard,6,45,0.0,270.0,0,68.22026750709126
1908,2024-04-28,Amara,South,Keyboard,4,120,0.1,432.0,0,191.98728011766994
1909,2024-01-28,Zara,North,Laptop,7,450,0.15,2677.5,20,907.4183478919547
1910,2024-07-20,John,South,Headset,2,25,0.2,40.0,20,10.993931356873894
1911,2024-02-08,James,North,Tablet,4,450,0.2,1440.0,0,287.9446378308206
1912,2024-09-29,Lucy,North,Phone,7,75,0.0,525.0,100,234.07284557218193
1913,2024-08-18,Priya,South,Headset,2,75,0.1,135.0,0,53.49438487515672
1914,2024-03-26,Kwame,East,Headset,4,250,0.05,950.0,0,222.721031198512
1915,2024-05-05,James,North,Laptop,5,45,0.1,202.5,100,34.631673265062254
1916,2024-10-26,Lucy,North,Laptop,5,75,0.2,300.0,50,50.096300163980224
1917,2024-01-25,Zara,North,Keyboard,1,800,0.15,680.0,100,126.5571424991289
1918,2024-05-24,Priya,East,Laptop,3,450,0.05,1282.5,50,415.82571254564874
1919,2024-01-13,Zara,East,Laptop,7,45,0.0,315.0,20,135.01814330391906
1920,2024-07-30,John,West,Laptop,6,800,0.05,4560.0,0,1363.545009512187
1921,2024-01-25,Amara,South,Keyboard,4,75,0.0,300.0,0,120.86509342105776
1922,2024-03-08,Priya,East,Phone,6,250,0.05,1425.0,100,404.3665299900678
1923,2024-03-07,Lucy,South,Phone,1,120,0.0,120.0,0,43.50900764764171
1924,2024-08-20,Lucy,West,Laptop,3,250,0.0,750.0,100,277.1713658894627
1925,2024-04-18,John,South,Keyboard,4,800,0.05,3040.0,20,614.6548997838448
1926,2024-05-25,John,East,Phone,2,25,0.05,47.5,0,12.272328840405319
1927,2024-04-20,Chen,South,Headset,7,75,0.0,525.0,0,179.1250896547388
1928,2024-08-15,Priya,East,Phone,3,800,0.2,1920.0,0,328.7212463141949
1929,2024-04-20,Zara,South,Phone,5,25,0.05,118.75,0,30.692369189055327
1930,2024-02-03,Kwame,East,Keyboard,1,25,0.1,22.5,100,6.98489639739805
1931,2024-04-20,Lucy,East,Headset,3,450,0.15,1147.5,100,515.0752817306169
1932,2024-09-20,Lucy,South,Keyboard,7,45,0.0,315.0,0,92.09342166782066
1933,2024-08-23,John,West,Laptop,3,450,0.0,1350.0,0,533.0029866313012
1934,2024-03-23,James,North,Monitor,7,75,0.15,446.25,100,124.78050778829346
1935,2024-02-11,John,West,Phone,5,25,0.2,100.0,0,38.891721678591274
1936,2024-04-10,Kwame,South,Monitor,4,800,0.15,2720.0,0,893.8584781220086
1937,2024-01-06,Zara,West,Keyboard,2,120,0.05,228.0,100,94.84312819876405
1938,2024-06-28,Zara,East,Keyboard,5,25,0.15,106.25,0,29.03629385615975
1939,2024-10-08,James,North,Keyboard,2,800,0.0,1600.0,0,530.0661215143099
1940,2024-11-15,Lucy,South,Monitor,4,120,0.15,408.0,20,138.31428650774447
1941,2024-08-13,John,South,Keyboard,3,450,0.1,1215.0,50,334.3860822862726
1942,2024-11-10,Chen,South,Laptop,2,450,0.05,855.0,10,165.266039205839
1943,2024-12-30,Zara,North,Keyboard,1,45,0.15,38.25,50,6.81109419431905
1944,2024-08-16,Kwame,East,Tablet,1,800,0.0,800.0,100,124.00117214391193
1945,2024-10-15,Priya,South,Monitor,7,25,0.05,166.25,0,68.50502142923007
1946,2024-05-29,Amara,West,Tablet,5,250,0.0,1250.0,100,276.1780920895104
1947,2024-10-03,Amara,South,Keyboard,4,450,0.2,1440.0,0,307.3709156897238
1948,2024-07-16,Amara,South,Laptop,7,450,0.1,2835.0,0,1051.2481080623688
1949,2024-03-10,Chen,South,Phone,5,45,0.2,180.0,50,44.280870106719156
1950,2024-04-21,Lucy,South,Headset,5,120,0.1,540.0,10,162.97924017071756
1951,2024-01-04,John,East,Headset,7,45,0.15,267.75,20,53.21620132001818
1952,2024-12-15,James,West,Keyboard,6,25,0.05,142.5,50,62.404129592499196
1953,2024-11-26,Chen,East,Laptop,5,800,0.15,3400.0,10,1378.613028017582
1954,2024-11-13,Chen,West,Monitor,6,75,0.1,405.0,0,165.70043919024792
1955,2024-12-15,Zara,South,Tablet,1,75,0.1,67.5,0,18.362168408583106
1956,2024-04-04,Priya,North,Tablet,1,800,0.1,720.0,0,272.67002216074934
1957,2024-05-31,Chen,East,Tablet,5,120,0.0,600.0,0,115.89770797016044
1958,2024-11-06,Kwame,North,Monitor,1,450,0.05,427.5,100,65.23038708239582
1959,2024-05-16,Priya,East,Headset,4,120,0.15,408.0,100,63.64468694755064
1960,2024-09-03,Kwame,South,Laptop,6,450,0.15,2295.0,0,748.12529620304
1961,2024-08-30,Lucy,East,Monitor,6,450,0.2,2160.0,0,619.0958986006657
1962,2024-01-31,John,South,Tablet,5,75,0.1,337.5,10,103.07405407698762
1963,2024-02-09,Amara,East,Keyboard,1,120,0.1,108.0,0,16.441805749517908
1964,2024-08-16,Chen,South,Phone,2,45,0.1,81.0,100,22.421284857675445
1965,2024-02-05,John,South,Monitor,7,450,0.15,2677.5,50,978.4132504845916
1966,2024-08-10,Lucy,West,Monitor,7,250,0.2,1400.0,0,395.9313548263231
1967,2024-01-06,James,South,Laptop,6,250,0.0,1500.0,10,554.4986428405001
1968,2024-11-17,James,West,Laptop,5,45,0.05,213.75,0,47.00484109194703
1969,2024-08-07,Lucy,South,Monitor,5,250,0.0,1250.0,50,492.42825168064707
1970,2024-03-15,Kwame,North,Tablet,4,25,0.15,85.0,0,27.754996631563035
1971,2024-01-04,Zara,South,Phone,3,450,0.1,1215.0,0,259.0731497422008
1972,2024-11-30,Zara,North,Laptop,3,45,0.05,128.25,0,28.345320308476225
1973,2024-05-13,Kwame,North,Tablet,6,120,0.15,612.0,0,207.10639329496703
1974,2024-04-27,James,South,Keyboard,7,450,0.15,2677.5,100,1068.2739782478952
1975,2024-04-03,James,North,Laptop,4,45,0.15,153.0,10,42.02731519513823
1976,2024-03-02,Chen,West,Tablet,4,75,0.05,285.0,0,64.83468669040914
1977,2024-07-12,James,East,Tablet,4,120,0.05,456.0,100,187.00718782537015
1978,2024-11-30,John,South,Phone,6,75,0.2,360.0,20,126.28097550909017
1979,2024-07-21,James,North,Phone,3,450,0.2,1080.0,100,307.1796978797168
1980,2024-01-26,Priya,South,Keyboard,7,120,0.0,840.0,0,248.95084921038406
1981,2024-06-21,Chen,West,Tablet,4,250,0.05,950.0,100,200.71309336187298
1982,2024-10-26,Amara,South,Headset,7,45,0.05,299.25,10,101.15870611407138
1983,2024-05-12,James,South,Tablet,1,450,0.05,427.5,50,110.13372697712546
1984,2024-11-21,Kwame,North,Phone,5,25,0.2,100.0,100,44.86935530023048
1985,2024-04-27,Amara,West,Headset,5,120,0.15,510.0,0,149.96807783506887
1986,2024-11-19,John,East,Laptop,7,120,0.1,756.0,0,223.5988554838043
1987,2024-10-01,Kwame,East,Laptop,2,800,0.2,1280.0,0,409.28708636569803
1988,2024-07-30,Amara,North,Monitor,2,450,0.05,855.0,0,363.3979147999586
1989,2024-08-12,Kwame,South,Phone,6,450,0.2,2160.0,0,842.9301287091182
1990,2024-01-20,John,North,Monitor,6,75,0.0,450.0,20,128.4025594227086
1991,2024-04-22,Chen,North,Headset,5,800,0.05,3800.0,0,1389.3171632089875
1992,2024-05-19,Priya,North,Phone,1,250,0.0,250.0,20,81.46766240855713
1993,2024-02-16,John,South,Keyboard,3,75,0.05,213.75,50,63.635536997967584
1994,2024-01-01,John,West,Tablet,3,800,0.2,1920.0,0,398.7738851237859
1995,2024-03-30,Kwame,North,Keyboard,6,75,0.15,382.5,20,110.61168623144873
1996,2024-05-21,Chen,South,Headset,1,250,0.1,225.0,50,50.34275462402379
1997,2024-11-15,Lucy,West,Phone,6,800,0.0,4800.0,0,2037.3726957863828
1998,2024-02-07,Zara,North,Headset,3,800,0.2,1920.0,0,481.19432457389587
1999,2024-10-19,James,East,Tablet,7,25,0.15,148.75,20,64.80728164855175
2000,2024-05-18,James,West,Laptop,6,75,0.2,360.0,0,111.56997133022882
1001,2024-04-12,Lucy,East,Keyboard,1,120,0.1,108.0,0,16.3959241991609
